{"bg_count": 5.0, "cls_acc": 0.42857142857142855, "data_time": 0.0015352601185441017, "eta_seconds": 37.733306855661795, "false_neg_ratio": 0.0, "fg_cls_acc": 0.5, "fg_count": 6.0, "iteration": 18, "roi_cover_ratio": 1.0}
{"aux_bce_loss_0": 1.1630141735076904, "aux_bce_loss_1": 1.307389423251152, "aux_bce_loss_2": 1.4964662492275238, "aux_bce_loss_3": 1.771477922797203, "aux_bce_loss_4": 6.06146040558815, "aux_dice_loss_0": 0.3028862997889519, "aux_dice_loss_1": 0.33427561819553375, "aux_dice_loss_2": 0.30755035392940044, "aux_dice_loss_3": 0.32242351211607456, "aux_dice_loss_4": 0.3979417961090803, "bbox_loss": 4.1975695097685115, "domain_prompter_contrasitive_loss": 0.0019191339379176497, "focal_loss_0": 1.2852085083723068, "focal_loss_1": 1.3711436269804835, "focal_loss_2": 1.1809163301659282, "iteration": 17, "lr": 0.0017002999999999999, "proto_contrastive_loss": 2.8060882687568665, "prototype_cls_loss": 2.992721289396286, "rg_l1_loss_0": 0.13599661522859685, "rg_l1_loss_1": 0.15209439959261273, "rg_l1_loss_2": 0.13722313979892958, "rg_l1_loss_3": 0.14596218668098995, "rg_l1_loss_4": 0.21807872149928617, "time": 0.46584329451434314, "total_loss": 32.39441025114254}
