{"bg_count": 5.0, "cls_acc": 0.42857142857142855, "data_time": 0.0015352601185441017, "eta_seconds": 37.733306855661795, "false_neg_ratio": 0.0, "fg_cls_acc": 0.5, "fg_count": 6.0, "iteration": 18, "roi_cover_ratio": 1.0}
{"aux_bce_loss_0": 1.1630141735076904, "aux_bce_loss_1": 1.307389423251152, "aux_bce_loss_2": 1.4964662492275238, "aux_bce_loss_3": 1.771477922797203, "aux_bce_loss_4": 6.06146040558815, "aux_dice_loss_0": 0.3028862997889519, "aux_dice_loss_1": 0.33427561819553375, "aux_dice_loss_2": 0.30755035392940044, "aux_dice_loss_3": 0.32242351211607456, "aux_dice_loss_4": 0.3979417961090803, "bbox_loss": 4.1975695097685115, "domain_prompter_contrasitive_loss": 0.0019191339379176497, "focal_loss_0": 1.2852085083723068, "focal_loss_1": 1.3711436269804835, "focal_loss_2": 1.1809163301659282, "iteration": 17, "lr": 0.0017002999999999999, "proto_contrastive_loss": 2.8060882687568665, "prototype_cls_loss": 2.992721289396286, "rg_l1_loss_0": 0.13599661522859685, "rg_l1_loss_1": 0.15209439959261273, "rg_l1_loss_2": 0.13722313979892958, "rg_l1_loss_3": 0.14596218668098995, "rg_l1_loss_4": 0.21807872149928617, "time": 0.46584329451434314, "total_loss": 32.39441025114254}
{"aux_bce_loss_0": 0.26688810996711254, "aux_bce_loss_1": 0.21128394454717636, "aux_bce_loss_2": 0.18535027466714382, "aux_bce_loss_3": 0.1693396782502532, "aux_bce_loss_4": 0.1624695034697652, "aux_dice_loss_0": 0.18486690893769264, "aux_dice_loss_1": 0.15325108729302883, "aux_dice_loss_2": 0.1284435410052538, "aux_dice_loss_3": 0.11235036980360746, "aux_dice_loss_4": 0.10446497146040201, "bbox_loss": 0.14606789625552868, "bg_count": 110.375, "cls_acc": 0.8779296875, "data_time": 0.006166810868307948, "domain_prompter_contrasitive_loss": 0.0019191339379176497, "eta_seconds": 175.3868218883872, "false_neg_ratio": 0.06979368149580915, "fg_cls_acc": 0.9250841750841751, "fg_count": 17.625, "focal_loss_0": 0.0994289256632328, "focal_loss_1": 0.09709311183542013, "focal_loss_2": 0.08741265907883644, "iteration": 19, "lr": 0.0019000999999999998, "proto_contrastive_loss": 2.8125303089618683, "prototype_cls_loss": 2.9923587143421173, "rg_l1_loss_0": 0.05128669515778156, "rg_l1_loss_1": 0.039687954884134964, "rg_l1_loss_2": 0.033343246749803664, "rg_l1_loss_3": 0.03005277150139217, "rg_l1_loss_4": 0.029385347201171905, "roi_cover_ratio": 0.8350174216027875, "time": 2.19233527360484, "total_loss": 8.129843970354006}
{"aux_bce_loss_0": 0.1916594486683607, "aux_bce_loss_1": 0.13788201101124287, "aux_bce_loss_2": 0.1037745364010334, "aux_bce_loss_3": 0.08642210811376572, "aux_bce_loss_4": 0.07883510645478964, "aux_dice_loss_0": 0.13332817051559687, "aux_dice_loss_1": 0.08537548594176769, "aux_dice_loss_2": 0.06435073399916291, "aux_dice_loss_3": 0.055755069479346275, "aux_dice_loss_4": 0.052840360440313816, "bbox_loss": 0.07135025672587078, "bg_count": 111.0, "cls_acc": 0.9716796875, "data_time": 0.00532817910425365, "domain_prompter_contrasitive_loss": 0.001919131027534604, "eta_seconds": 131.42870675772429, "false_neg_ratio": 0.013178428992543782, "fg_cls_acc": 0.9868215710074562, "fg_count": 17.0, "focal_loss_0": 0.02855484327301383, "focal_loss_1": 0.019643058069050312, "focal_loss_2": 0.019471154897473752, "iteration": 39, "lr": 0.002, "proto_contrastive_loss": 2.811661422252655, "prototype_cls_loss": 2.981057345867157, "rg_l1_loss_0": 0.034073224674913194, "rg_l1_loss_1": 0.022552086740927325, "rg_l1_loss_2": 0.018294286031733553, "rg_l1_loss_3": 0.01623305746641441, "rg_l1_loss_4": 0.014978042055088523, "roi_cover_ratio": 0.828428093645485, "time": 2.1860369816422462, "total_loss": 7.047832448615251}
{"aux_bce_loss_0": 0.16006035171449184, "aux_bce_loss_1": 0.10147267021238804, "aux_bce_loss_2": 0.07490589842200279, "aux_bce_loss_3": 0.061655033845454454, "aux_bce_loss_4": 0.05712208664044738, "aux_dice_loss_0": 0.11182569060474634, "aux_dice_loss_1": 0.0699156355112791, "aux_dice_loss_2": 0.05116999801248312, "aux_dice_loss_3": 0.04356805817224085, "aux_dice_loss_4": 0.04272986203432083, "bbox_loss": 0.059036207671141476, "bg_count": 110.875, "cls_acc": 0.974609375, "data_time": 0.005237122066318989, "domain_prompter_contrasitive_loss": 0.001919131027534604, "eta_seconds": 87.54854121245444, "false_neg_ratio": 0.01391304347826087, "fg_cls_acc": 0.9860869565217392, "fg_count": 17.125, "focal_loss_0": 0.020077121793292463, "focal_loss_1": 0.012907647527754307, "focal_loss_2": 0.012540634023025632, "iteration": 59, "lr": 0.0002, "proto_contrastive_loss": 2.8107134997844696, "prototype_cls_loss": 2.9654543697834015, "rg_l1_loss_0": 0.029612836056527682, "rg_l1_loss_1": 0.018363802940598528, "rg_l1_loss_2": 0.014397754532328933, "rg_l1_loss_3": 0.013044532864550954, "rg_l1_loss_4": 0.011739957435185142, "roi_cover_ratio": 0.8154533844189016, "time": 2.1875422466546297, "total_loss": 6.759049606026384}
{"aux_bce_loss_0": 0.15251931175589561, "aux_bce_loss_1": 0.09693897794932127, "aux_bce_loss_2": 0.06955374637618661, "aux_bce_loss_3": 0.05903976038098335, "aux_bce_loss_4": 0.0552411419339478, "aux_dice_loss_0": 0.10833362396806479, "aux_dice_loss_1": 0.06677380483597517, "aux_dice_loss_2": 0.04943819111213088, "aux_dice_loss_3": 0.0415000356733799, "aux_dice_loss_4": 0.040541128953918815, "bbox_loss": 0.0550500565037779, "bg_count": 112.75, "cls_acc": 0.9794921875, "data_time": 0.005479346960783005, "domain_prompter_contrasitive_loss": 0.001919131027534604, "eta_seconds": 43.81590070202947, "false_neg_ratio": 0.0, "fg_cls_acc": 1.0, "fg_count": 15.25, "focal_loss_0": 0.018160890438593924, "focal_loss_1": 0.012358450796455145, "focal_loss_2": 0.011984353652223945, "iteration": 79, "lr": 0.0002, "proto_contrastive_loss": 2.8104977011680603, "prototype_cls_loss": 2.9629026651382446, "rg_l1_loss_0": 0.027874727114693888, "rg_l1_loss_1": 0.017329754404161055, "rg_l1_loss_2": 0.013052715589016765, "rg_l1_loss_3": 0.012026772464659718, "rg_l1_loss_4": 0.011044364451299289, "roi_cover_ratio": 0.8144132653061225, "time": 2.1971001259516925, "total_loss": 6.698101541810841}
{"aux_bce_loss_0": 0.15217224322259426, "aux_bce_loss_1": 0.09527132008224726, "aux_bce_loss_2": 0.06870722770690918, "aux_bce_loss_3": 0.05682599637657404, "aux_bce_loss_4": 0.051814835518598557, "aux_dice_loss_0": 0.10698332637548447, "aux_dice_loss_1": 0.0658347811549902, "aux_dice_loss_2": 0.04795507062226534, "aux_dice_loss_3": 0.04077736637555063, "aux_dice_loss_4": 0.03937280084937811, "bbox_loss": 0.04977781835485098, "bg_count": 110.25, "cls_acc": 0.974609375, "data_time": 0.004723051330074668, "domain_prompter_contrasitive_loss": 0.001919131027534604, "eta_seconds": 0.0, "false_neg_ratio": 0.0, "fg_cls_acc": 1.0, "fg_count": 17.75, "focal_loss_0": 0.016467210720293224, "focal_loss_1": 0.011700460803695023, "focal_loss_2": 0.011338898621033877, "iteration": 99, "lr": 2.0000000000000005e-05, "proto_contrastive_loss": 2.8105663657188416, "prototype_cls_loss": 2.9622846245765686, "rg_l1_loss_0": 0.026338735183087335, "rg_l1_loss_1": 0.016314867212469237, "rg_l1_loss_2": 0.012797136443655733, "rg_l1_loss_3": 0.011825729496854826, "rg_l1_loss_4": 0.010725700747434893, "roi_cover_ratio": 0.8732394366197183, "time": 2.200195963261649, "total_loss": 6.661060307387607}
{"bg_count": 110.5, "fg_count": 17.5, "iteration": 0}
{"bg_count": 109.5, "fg_count": 18.5, "iteration": 0, "roi_cover_ratio": 0.918918918918919}
{"aux_bce_loss_0": 0.27811767533421516, "aux_bce_loss_1": 0.22372369281947613, "aux_bce_loss_2": 0.1950713125988841, "aux_bce_loss_3": 0.1759680211544037, "aux_bce_loss_4": 0.17393710557371378, "aux_dice_loss_0": 0.17974490858614445, "aux_dice_loss_1": 0.14626277517527342, "aux_dice_loss_2": 0.1248037414625287, "aux_dice_loss_3": 0.11312154307961464, "aux_dice_loss_4": 0.10760170919820666, "bbox_loss": 0.16517766367775547, "bg_count": 110.25, "cls_acc": 0.880859375, "data_time": 0.0034185820259153843, "domain_prompter_contrasitive_loss": 0.0019191339379176497, "eta_seconds": 111.93412823602557, "false_neg_ratio": 0.0,