{"aux_bce_loss_0": 0.38591162487864494, "aux_bce_loss_1": 0.3545207604765892, "aux_bce_loss_2": 0.33954352512955666, "aux_bce_loss_3": 0.3237439189106226, "aux_bce_loss_4": 0.32367250323295593, "aux_dice_loss_0": 0.2260065320879221, "aux_dice_loss_1": 0.19504280760884285, "aux_dice_loss_2": 0.18132822029292583, "aux_dice_loss_3": 0.17441899701952934, "aux_dice_loss_4": 0.16698552668094635, "bbox_loss": 0.2199711279934566, "bg_count": 114.875, "cls_acc": 0.8291015625, "data_time": 0.004665201995521784, "domain_prompter_contrasitive_loss": 0.0005364645621739328, "eta_seconds": 150.86955475620925, "false_neg_ratio": 0.19600230083405235, "fg_cls_acc": 0.6508563899868247, "fg_count": 13.125, "focal_loss_0": 0.14651167858392, "focal_loss_1": 0.1197480489499867, "focal_loss_2": 0.10453856131061912, "iteration": 19, "lr": 0.00076124, "proto_contrastive_loss": 1.7069696336984634, "prototype_cls_loss": 1.7945037484169006, "rg_l1_loss_0": 0.07340512499819996, "rg_l1_loss_1": 0.06380031886094786, "rg_l1_loss_2": 0.05858167419515739, "rg_l1_loss_3": 0.05630617976051523, "rg_l1_loss_4": 0.05400377663367327, "roi_cover_ratio": 0.729020979020979, "time": 0.8381641930900514, "total_loss": 7.109231926840266}
{"aux_bce_loss_0": 0.31165993958711624, "aux_bce_loss_1": 0.2736205030232668, "aux_bce_loss_2": 0.24644380994141102, "aux_bce_loss_3": 0.22583984211087227, "aux_bce_loss_4": 0.21931474097073078, "aux_dice_loss_0": 0.17713749967515469, "aux_dice_loss_1": 0.15351764392107725, "aux_dice_loss_2": 0.13988059014081955, "aux_dice_loss_3": 0.13159849122166634, "aux_dice_loss_4": 0.12578146159648895, "bbox_loss": 0.15985808515159727, "bg_count": 114.625, "cls_acc": 0.9111328125, "data_time": 0.006458990974351764, "domain_prompter_contrasitive_loss": 0.0005364645621739328, "eta_seconds": 135.10465666651726, "false_neg_ratio": 0.10352815395580897, "fg_cls_acc": 0.896471846044191, "fg_count": 13.375, "focal_loss_0": 0.07524876669049263, "focal_loss_1": 0.06583823962137103, "focal_loss_2": 0.062409627716988325, "iteration": 39, "lr": 0.0015604400000000002, "proto_contrastive_loss": 1.7063681930303574, "prototype_cls_loss": 1.7858842015266418, "rg_l1_loss_0": 0.057796399335190124, "rg_l1_loss_1": 0.04775881534955283, "rg_l1_loss_2": 0.04277268831367126, "rg_l1_loss_3": 0.03887024892384559, "rg_l1_loss_4": 0.03717899410372137, "roi_cover_ratio": 0.6106403013182675, "time": 0.8476075073704123, "total_loss": 6.105342379802586}
{"aux_bce_loss_0": 0.2829194478690624, "aux_bce_loss_1": 0.23065461590886116, "aux_bce_loss_2": 0.19954821281135082, "aux_bce_loss_3": 0.18282956909388304, "aux_bce_loss_4": 0.17424237169325352, "aux_dice_loss_0": 0.15661646053195, "aux_dice_loss_1": 0.12505020014941692, "aux_dice_loss_2": 0.10816184617578983, "aux_dice_loss_3": 0.09965917794033885, "aux_dice_loss_4": 0.09465760691091418, "bbox_loss": 0.12439008452011585, "bg_count": 114.625, "cls_acc": 0.9267578125, "data_time": 0.005977350519970059, "domain_prompter_contrasitive_loss": 0.0005364645621739328, "eta_seconds": 118.26448995620012, "false_neg_ratio": 0.1136698599852616, "fg_cls_acc": 0.8863301400147383, "fg_count": 13.375, "focal_loss_0": 0.04699454572983086, "focal_loss_1": 0.040794588159769773, "focal_loss_2": 0.03800055989995599, "iteration": 59, "lr": 0.002, "proto_contrastive_loss": 1.7044441550970078, "prototype_cls_loss": 1.7676307410001755, "rg_l1_loss_0": 0.053266964312812644, "rg_l1_loss_1": 0.03957359090760695, "rg_l1_loss_2": 0.035055158697501615, "rg_l1_loss_3": 0.03242012936785155, "rg_l1_loss_4": 0.02982382810509457, "roi_cover_ratio": 0.6435294117647059, "time": 0.8447463568300009, "total_loss": 5.5886199570086355}
{"aux_bce_loss_0": 0.2629820480942726, "aux_bce_loss_1": 0.20703913271427155, "aux_bce_loss_2": 0.18053231202065945, "aux_bce_loss_3": 0.16327165625989437, "aux_bce_loss_4": 0.15527658723294735, "aux_dice_loss_0": 0.1512281559407711, "aux_dice_loss_1": 0.1202099546790123, "aux_dice_loss_2": 0.1010577455163002, "aux_dice_loss_3": 0.09052179893478751, "aux_dice_loss_4": 0.08634792361408472, "bbox_loss": 0.10444162917554195, "bg_count": 114.25, "cls_acc": 0.94921875, "data_time": 0.005524506093934178, "domain_prompter_contrasitive_loss": 0.0005364645621739328, "eta_seconds": 101.75369585864246, "false_neg_ratio": 0.02694915254237288, "fg_cls_acc": 0.9730508474576272, "fg_count": 13.75, "focal_loss_0": 0.03938469337299466, "focal_loss_1": 0.032475003041327, "focal_loss_2": 0.030473054619506, "iteration": 79, "lr": 0.002, "proto_contrastive_loss": 1.7039716690778732, "prototype_cls_loss": 1.7441973239183426, "rg_l1_loss_0": 0.0525549019931412, "rg_l1_loss_1": 0.03744883804838409, "rg_l1_loss_2": 0.031198278887794258, "rg_l1_loss_3": 0.02802366402213497, "rg_l1_loss_4": 0.026408913730771956, "roi_cover_ratio": 0.6692708333333333, "time": 0.8541426858864725, "total_loss": 5.368475060062014}
{"aux_bce_loss_0": 0.2350179012864828, "aux_bce_loss_1": 0.18376525025814772, "aux_bce_loss_2": 0.15221433527767658, "aux_bce_loss_3": 0.1350713549181819, "aux_bce_loss_4": 0.12724151276051998, "aux_dice_loss_0": 0.14096379093825817, "aux_dice_loss_1": 0.10671186167746782, "aux_dice_loss_2": 0.08753981348127127, "aux_dice_loss_3": 0.07613956602290273, "aux_dice_loss_4": 0.07234103977680206, "bbox_loss": 0.09415823005316326, "bg_count": 115.0, "cls_acc": 0.9599609375, "data_time": 0.006077096099033952, "domain_prompter_contrasitive_loss": 0.0005364645621739328, "eta_seconds": 84.92065707687289, "false_neg_ratio": 0.03542319749216301, "fg_cls_acc": 0.964576802507837, "fg_count": 13.0, "focal_loss_0": 0.032205205876380205, "focal_loss_1": 0.026119194459170103, "focal_loss_2": 0.023979095742106438, "iteration": 99, "lr": 0.002, "proto_contrastive_loss": 1.7027089297771454, "prototype_cls_loss": 1.7206038236618042, "rg_l1_loss_0": 0.04833273626088318, "rg_l1_loss_1": 0.03365583105201524, "rg_l1_loss_2": 0.02794924659303623, "rg_l1_loss_3": 0.02472282276696882, "rg_l1_loss_4": 0.023075595756547634, "roi_cover_ratio": 0.6512474012474012, "time": 0.8512159953825176, "total_loss": 5.083347677482937}
{"aux_bce_loss_0": 0.23203188180923462, "aux_bce_loss_1": 0.17054526694118977, "aux_bce_loss_2": 0.13932626135647297, "aux_bce_loss_3": 0.119903146289289, "aux_bce_loss_4": 0.11652346234768629, "aux_dice_loss_0": 0.1378909321501851, "aux_dice_loss_1": 0.09928834438323975, "aux_dice_loss_2": 0.0794633817858994, "aux_dice_loss_3": 0.0671362685970962, "aux_dice_loss_4": 0.06472920812666416, "bbox_loss": 0.083158166043592, "bg_count": 115.375, "cls_acc": 0.9619140625, "data_time": 0.006381699815392494, "domain_prompter_contrasitive_loss": 0.0005364645621739328, "eta_seconds": 67.94082501903176, "false_neg_ratio": 0.029647435897435896, "fg_cls_acc": 0.9703525641025641, "fg_count": 12.625, "focal_loss_0": 0.029635581886395812, "focal_loss_1": 0.02469896338880062, "focal_loss_2": 0.02333006716798991, "iteration": 119, "lr": 0.002, "proto_contrastive_loss": 1.7011797428131104, "prototype_cls_loss": 1.6947234272956848, "rg_l1_loss_0": 0.04683218124885316, "rg_l1_loss_1": 0.031080668792732663, "rg_l1_loss_2": 0.025242851929951376, "rg_l1_loss_3": 0.022332067759355544, "rg_l1_loss_4": 0.020624251971879774, "roi_cover_ratio": 0.6103448275862069, "time": 0.84987230040133, "total_loss": 4.9516953532677075}
{"aux_bce_loss_0": 0.2026896383613348, "aux_bce_loss_1": 0.15210389159619808, "aux_bce_loss_2": 0.12216533720493317, "aux_bce_loss_3": 0.10628343326970935, "aux_bce_loss_4": 0.0994635159149766, "aux_dice_loss_0": 0.1268781227990985, "aux_dice_loss_1": 0.08913187496364117, "aux_dice_loss_2": 0.06929551158100367, "aux_dice_loss_3": 0.05986040597781539, "aux_dice_loss_4": 0.05763709358870983, "bbox_loss": 0.06860021985070533, "bg_count": 114.75, "cls_acc": 0.966796875, "data_time": 0.005124256014823914, "domain_prompter_contrasitive_loss": 0.0005364645621739328, "eta_seconds": 50.94267242588103, "false_neg_ratio": 0.023015873015873017, "fg_cls_acc": 0.976984126984127, "fg_count": 13.25,