{"aux_bce_loss_0": 0.30541618540883064, "aux_bce_loss_1": 0.25236070714890957, "aux_bce_loss_2": 0.2283503171056509, "aux_bce_loss_3": 0.21685275807976723, "aux_bce_loss_4": 0.21330882422626019, "aux_dice_loss_0": 0.21069123409688473, "aux_dice_loss_1": 0.17886665277183056, "aux_dice_loss_2": 0.15697154216468334, "aux_dice_loss_3": 0.14832021668553352, "aux_dice_loss_4": 0.1437573367729783, "bbox_loss": 0.1314070537711996, "bg_count": 119.625, "cls_acc": 0.8779296875, "data_time": 0.0056239699479192495, "domain_prompter_contrasitive_loss": 0.0003159733896609396, "eta_seconds": 63.893199767917395, "false_neg_ratio": 0.4139194139194139, "fg_cls_acc": 0.4666666666666667, "fg_count": 8.375, "focal_loss_0": 0.10861811600625515, "focal_loss_1": 0.12165318801999092, "focal_loss_2": 0.11397344712167978, "iteration": 19, "lr": 0.0019000999999999998, "proto_contrastive_loss": 1.031713217496872, "prototype_cls_loss": 1.0988736152648926, "rg_l1_loss_0": 0.0543180455412446, "rg_l1_loss_1": 0.046011696491009516, "rg_l1_loss_2": 0.04064855878846678, "rg_l1_loss_3": 0.039604563714164834, "rg_l1_loss_4": 0.03952193854119529, "roi_cover_ratio": 0.9110671936758893, "time": 0.7986649970989674, "total_loss": 4.835427126028085}
{"aux_bce_loss_0": 0.25091188587248325, "aux_bce_loss_1": 0.19020370580255985, "aux_bce_loss_2": 0.1573812384158373, "aux_bce_loss_3": 0.14264926686882973, "aux_bce_loss_4": 0.13887903839349747, "aux_dice_loss_0": 0.1711549535393715, "aux_dice_loss_1": 0.13427469599992037, "aux_dice_loss_2": 0.11023633927106857, "aux_dice_loss_3": 0.10160494223237038, "aux_dice_loss_4": 0.10022164043039083, "bbox_loss": 0.0891756176773454, "bg_count": 119.125, "cls_acc": 0.9326171875, "data_time": 0.006463519064709544, "domain_prompter_contrasitive_loss": 0.0003159733896609396, "eta_seconds": 48.333018966950476, "false_neg_ratio": 0.0912442396313364, "fg_cls_acc": 0.8928571428571428, "fg_count": 8.875, "focal_loss_0": 0.05989016918465495, "focal_loss_1": 0.04080298915505409, "focal_loss_2": 0.04028604691848159, "iteration": 39, "lr": 0.002, "proto_contrastive_loss": 1.0283035188913345, "prototype_cls_loss": 1.0716996639966965, "rg_l1_loss_0": 0.04249227781246871, "rg_l1_loss_1": 0.03267971363322868, "rg_l1_loss_2": 0.02834813785157047, "rg_l1_loss_3": 0.02739810727504257, "rg_l1_loss_4": 0.026442104700411764, "roi_cover_ratio": 0.8990709459459459, "time": 0.8114952698815614, "total_loss": 4.045719054947019}
{"aux_bce_loss_0": 0.22669630497694016, "aux_bce_loss_1": 0.15953545458614826, "aux_bce_loss_2": 0.12548466864973307, "aux_bce_loss_3": 0.10967507492750883, "aux_bce_loss_4": 0.10281746461987495, "aux_dice_loss_0": 0.15786787308752537, "aux_dice_loss_1": 0.11004421208053827, "aux_dice_loss_2": 0.08489385712891817, "aux_dice_loss_3": 0.07516188966110349, "aux_dice_loss_4": 0.07239290419965982, "bbox_loss": 0.06276580160475703, "bg_count": 119.25, "cls_acc": 0.970703125, "data_time": 0.006530961487442255, "domain_prompter_contrasitive_loss": 0.0003159733896609396, "eta_seconds": 32.422057865187526, "false_neg_ratio": 0.04057734204793029, "fg_cls_acc": 0.9420168067226891, "fg_count": 8.75, "focal_loss_0": 0.02564056939445436, "focal_loss_1": 0.023667077533900738, "focal_loss_2": 0.021742614218965173, "iteration": 59, "lr": 0.0002, "proto_contrastive_loss": 1.0264202505350113, "prototype_cls_loss": 1.0332983136177063, "rg_l1_loss_0": 0.03790675074359362, "rg_l1_loss_1": 0.026159569685478393, "rg_l1_loss_2": 0.021935477814096417, "rg_l1_loss_3": 0.01999143567038502, "rg_l1_loss_4": 0.018648661273509143, "roi_cover_ratio": 0.8944444444444444, "time": 0.8152383200358599, "total_loss": 3.55889072717632}
{"aux_bce_loss_0": 0.21466147154569626, "aux_bce_loss_1": 0.14412951655685902, "aux_bce_loss_2": 0.10891397390514612, "aux_bce_loss_3": 0.09416373074054718, "aux_bce_loss_4": 0.08834703266620636, "aux_dice_loss_0": 0.15246952418237925, "aux_dice_loss_1": 0.10355506744235754, "aux_dice_loss_2": 0.07667136378586292, "aux_dice_loss_3": 0.06641045538708568, "aux_dice_loss_4": 0.06403813837096095, "bbox_loss": 0.05580768166285735, "bg_count": 117.125, "cls_acc": 0.98046875, "data_time": 0.006826430559158325, "domain_prompter_contrasitive_loss": 0.0003159733896609396, "eta_seconds": 16.216680221259594, "false_neg_ratio": 0.04494949494949495, "fg_cls_acc": 0.9550505050505051, "fg_count": 10.875, "focal_loss_0": 0.022733942605555058, "focal_loss_1": 0.019238653709180653, "focal_loss_2": 0.018018942675553262, "iteration": 79, "lr": 0.0002, "proto_contrastive_loss": 1.0259103924036026, "prototype_cls_loss": 1.0290647447109222, "rg_l1_loss_0": 0.036274980440750546, "rg_l1_loss_1": 0.02384530822493361, "rg_l1_loss_2": 0.019552994585260247, "rg_l1_loss_3": 0.017879654670458822, "rg_l1_loss_4": 0.016964183870550167, "roi_cover_ratio": 0.9090439276485788, "time": 0.8155362848192453, "total_loss": 3.4023698413940906}
{"aux_bce_loss_0": 0.20811288803815842, "aux_bce_loss_1": 0.13825475051999092, "aux_bce_loss_2": 0.10491541959345341, "aux_bce_loss_3": 0.08955174637958407, "aux_bce_loss_4": 0.08562905713915825, "aux_dice_loss_0": 0.15189782716333866, "aux_dice_loss_1": 0.1008680872619152, "aux_dice_loss_2": 0.0752930911257863, "aux_dice_loss_3": 0.0649250615388155, "aux_dice_loss_4": 0.06277182046324015, "bbox_loss": 0.054731467494910965, "bg_count": 119.25, "cls_acc": 0.97265625, "data_time": 0.006371610797941685, "domain_prompter_contrasitive_loss": 0.0003159733896609396, "eta_seconds": 0.0, "false_neg_ratio": 0.030834914611005692, "fg_cls_acc": 0.9656891495601173, "fg_count": 8.75, "focal_loss_0": 0.0220776682253927, "focal_loss_1": 0.017513684346340597, "focal_loss_2": 0.017557642539031804, "iteration": 99, "lr": 2.0000000000000005e-05, "proto_contrastive_loss": 1.025707557797432, "prototype_cls_loss": 1.0264083743095398, "rg_l1_loss_0": 0.03408669514732278, "rg_l1_loss_1": 0.023215869364760718, "rg_l1_loss_2": 0.0186828155285243, "rg_l1_loss_3": 0.01675068471698986, "rg_l1_loss_4": 0.016078057905230866, "roi_cover_ratio": 0.9117647058823529, "time": 0.8173968200571835, "total_loss": 3.3684153007902013}
{"bbox/AP": 6.545269931600202, "bbox/AP-scallop": 11.440904599948382, "bbox/AP-seacucumber": 0.5440817761297846, "bbox/AP-seaurchin": 7.650823418722435, "bbox/AP50": 12.968246047151826, "bbox/AP75": 5.789800973449628, "bbox/APl": 15.793971088665332, "bbox/APm": 8.398248765325576, "bbox/APs": 4.615465061803799, "iteration": 100}
