{"aux_bce_loss_0": 0.2536031734198332, "aux_bce_loss_1": 0.21540593914687634, "aux_bce_loss_2": 0.17145097255706787, "aux_bce_loss_3": 0.1495248731225729, "aux_bce_loss_4": 0.13527546916157007, "aux_dice_loss_0": 0.1718819197267294, "aux_dice_loss_1": 0.14801229536533356, "aux_dice_loss_2": 0.11880275327712297, "aux_dice_loss_3": 0.10591164696961641, "aux_dice_loss_4": 0.09717242512851954, "bbox_loss": 0.07023536534576214, "bg_count": 119.75, "cls_acc": 0.953125, "data_time": 0.005447454983368516, "domain_prompter_contrasitive_loss": 0.0003159733896609396, "eta_seconds": 44.36106488574296, "false_neg_ratio": 0.04195804195804196, "fg_cls_acc": 0.9186813186813187, "fg_count": 8.25, "focal_loss_0": 0.07044484652578831, "focal_loss_1": 0.04729496315121651, "focal_loss_2": 0.03135189600288868, "iteration": 19, "lr": 0.0019000999999999998, "proto_contrastive_loss": 0.9685895815491676, "prototype_cls_loss": 1.0860151052474976, "rg_l1_loss_0": 0.053607620827629335, "rg_l1_loss_1": 0.04060723471949376, "rg_l1_loss_2": 0.033893857287433604, "rg_l1_loss_3": 0.02947447543428368, "rg_l1_loss_4": 0.026721958631073274, "roi_cover_ratio": 0.8804761904761904, "time": 0.7393510814290494, "total_loss": 4.006971886377052}
{"aux_bce_loss_0": 0.17356248386204243, "aux_bce_loss_1": 0.11167622357606888, "aux_bce_loss_2": 0.07832815777510405, "aux_bce_loss_3": 0.0689338967204094, "aux_bce_loss_4": 0.06290815118700266, "aux_dice_loss_0": 0.1133809257298708, "aux_dice_loss_1": 0.06758501240983605, "aux_dice_loss_2": 0.051079039461910725, "aux_dice_loss_3": 0.042618601117283106, "aux_dice_loss_4": 0.04100286774337292, "bbox_loss": 0.03960001325458236, "bg_count": 119.375, "cls_acc": 0.98046875, "data_time": 0.006431420333683491, "domain_prompter_contrasitive_loss": 0.0003159733896609396, "eta_seconds": 29.861878054216504, "false_neg_ratio": 0.02564102564102564, "fg_cls_acc": 0.9743589743589743, "fg_count": 8.625, "focal_loss_0": 0.03414740681182593, "focal_loss_1": 0.015643578371964395, "focal_loss_2": 0.009674755216110498, "iteration": 39, "lr": 0.0002, "proto_contrastive_loss": 0.9652414321899414, "prototype_cls_loss": 1.026238888502121, "rg_l1_loss_0": 0.034628441708169616, "rg_l1_loss_1": 0.02212934411964561, "rg_l1_loss_2": 0.017684630918302104, "rg_l1_loss_3": 0.015093317510979799, "rg_l1_loss_4": 0.014930310029607926, "roi_cover_ratio": 0.8856209150326797, "time": 0.7482755221426487, "total_loss": 3.0338078863802793}
{"aux_bce_loss_0": 0.15414617117494345, "aux_bce_loss_1": 0.09403805155307055, "aux_bce_loss_2": 0.06390400882810354, "aux_bce_loss_3": 0.05367267411202192, "aux_bce_loss_4": 0.05018970323726535, "aux_dice_loss_0": 0.106755287386477, "aux_dice_loss_1": 0.0638823863118887, "aux_dice_loss_2": 0.04493315191939473, "aux_dice_loss_3": 0.03735512448474765, "aux_dice_loss_4": 0.036474084947258234, "bbox_loss": 0.028807677826601086, "bg_count": 120.125, "cls_acc": 0.9873046875, "data_time": 0.006683774525299668, "domain_prompter_contrasitive_loss": 0.0003159733896609396, "eta_seconds": 14.993190304376185, "false_neg_ratio": 0.0, "fg_cls_acc": 1.0, "fg_count": 7.875, "focal_loss_0": 0.02252414054237306, "focal_loss_1": 0.011950344895012677, "focal_loss_2": 0.008348428644239902, "iteration": 59, "lr": 0.0002, "proto_contrastive_loss": 0.9625051915645599, "prototype_cls_loss": 1.0184150785207748, "rg_l1_loss_0": 0.026725133718526042, "rg_l1_loss_1": 0.01642260045024487, "rg_l1_loss_2": 0.013204633913641538, "rg_l1_loss_3": 0.01209873936592823, "rg_l1_loss_4": 0.010761970465336973, "roi_cover_ratio": 0.8768939393939394, "time": 0.7533998587168753, "total_loss": 2.8463892185531305}
{"aux_bce_loss_0": 0.14714382588863373, "aux_bce_loss_1": 0.09139910154044628, "aux_bce_loss_2": 0.060656274668872356, "aux_bce_loss_3": 0.052467805333435535, "aux_bce_loss_4": 0.049096318893134594, "aux_dice_loss_0": 0.10592140350490808, "aux_dice_loss_1": 0.06194119015708566, "aux_dice_loss_2": 0.042627167887985706, "aux_dice_loss_3": 0.03574605076573789, "aux_dice_loss_4": 0.034460017923265696, "bbox_loss": 0.02927145479465351, "bg_count": 118.25, "cls_acc": 0.9912109375, "data_time": 0.0064669144339859486, "domain_prompter_contrasitive_loss": 0.0003159733896609396, "eta_seconds": 0.0, "false_neg_ratio": 0.0, "fg_cls_acc": 1.0, "fg_count": 9.75, "focal_loss_0": 0.01900276110973209, "focal_loss_1": 0.011629162647295743, "focal_loss_2": 0.006688645342364907, "iteration": 79, "lr": 2.0000000000000005e-05, "proto_contrastive_loss": 0.962433286011219, "prototype_cls_loss": 1.0150782763957977, "rg_l1_loss_0": 0.029632876396833575, "rg_l1_loss_1": 0.01669157038449854, "rg_l1_loss_2": 0.012989079508406151, "rg_l1_loss_3": 0.012036065003581113, "rg_l1_loss_4": 0.010889622106800884, "roi_cover_ratio": 0.8416815742397138, "time": 0.7717190969269723, "total_loss": 2.8004181460529973}
{"bbox/AP": 2.3838689053627955, "bbox/AP-scallop": 1.1046919578782226, "bbox/AP-seacucumber": 0.03513567299827436, "bbox/AP-seaurchin": 6.01177908521189, "bbox/AP50": 5.693994617100788, "bbox/AP75": 1.0831632831146025, "bbox/APl": 7.358537147981725, "bbox/APm": 3.434660543349459, "bbox/APs": 2.538867125251451, "iteration": 80}
