{"bg_count": 100.5, "fg_count": 27.5, "iteration": 0}
{"aux_bce_loss_0": 0.2473180703818798, "aux_bce_loss_1": 0.1733128046616912, "aux_bce_loss_2": 0.12746936175972223, "aux_bce_loss_3": 0.09494983498007059, "aux_bce_loss_4": 0.07736868131905794, "aux_dice_loss_0": 0.15628058928996325, "aux_dice_loss_1": 0.09739983174949884, "aux_dice_loss_2": 0.07162781059741974, "aux_dice_loss_3": 0.05268457345664501, "aux_dice_loss_4": 0.04683625092729926, "bbox_loss": 0.10744917946888329, "bg_count": 103.0, "cls_acc": 0.890625, "data_time": 0.006419759942218661, "domain_prompter_contrasitive_loss": 0.0006492555839940906, "eta_seconds": 19.16880920995027, "false_neg_ratio": 0.029563106796116505, "fg_cls_acc": 0.953393470790378, "fg_count": 25.0, "focal_loss_0": 0.12059501465409994, "focal_loss_1": 0.0864548641256988, "focal_loss_2": 0.08061515353620052, "iteration": 19, "lr": 0.002, "proto_contrastive_loss": 1.7810251861810684, "prototype_cls_loss": 1.9390777796506882, "rg_l1_loss_0": 0.05560392895508906, "rg_l1_loss_1": 0.03537681548916232, "rg_l1_loss_2": 0.02035921017134358, "rg_l1_loss_3": 0.018511247356809903, "rg_l1_loss_4": 0.014227807611919809, "roi_cover_ratio": 0.8318114874815906, "time": 0.9584404604975134, "total_loss": 5.455346187342216}
{"aux_bce_loss_0": 0.18753127939999104, "aux_bce_loss_1": 0.11720369197428226, "aux_bce_loss_2": 0.08741216268390417, "aux_bce_loss_3": 0.06225480791181326, "aux_bce_loss_4": 0.05294880783185363, "aux_dice_loss_0": 0.11941905599087477, "aux_dice_loss_1": 0.06568319629877806, "aux_dice_loss_2": 0.04801067756488919, "aux_dice_loss_3": 0.03590899636037648, "aux_dice_loss_4": 0.03274551825597882, "bbox_loss": 0.06291180846143572, "bg_count": 104.5, "cls_acc": 0.923828125, "data_time": 0.00629911501891911, "domain_prompter_contrasitive_loss": 0.0006492555839940906, "eta_seconds": 0.0, "false_neg_ratio": 0.021637426900584796, "fg_cls_acc": 0.9783625730994152, "fg_count": 23.5, "focal_loss_0": 0.075972780585289, "focal_loss_1": 0.043226061621680856, "focal_loss_2": 0.039448594907298684, "iteration": 39, "lr": 2.0000000000000005e-05, "proto_contrastive_loss": 1.7805065661668777, "prototype_cls_loss": 1.922338292002678, "rg_l1_loss_0": 0.038215478577477355, "rg_l1_loss_1": 0.020162859841135493, "rg_l1_loss_2": 0.013178790371209378, "rg_l1_loss_3": 0.011931403417392916, "rg_l1_loss_4": 0.008612341623189409, "roi_cover_ratio": 0.8148521505376345, "time": 0.9593469623941928, "total_loss": 4.8229293192763585}
{"aux_bce_loss_0": 0.2472872380167246, "aux_bce_loss_1": 0.17331062722951174, "aux_bce_loss_2": 0.12747307401150465, "aux_bce_loss_3": 0.09501963108778, "aux_bce_loss_4": 0.0774362338706851, "aux_dice_loss_0": 0.15625202283263206, "aux_dice_loss_1": 0.09740020520985126, "aux_dice_loss_2": 0.07163291284814477, "aux_dice_loss_3": 0.05269505176693201, "aux_dice_loss_4": 0.04685140214860439, "bbox_loss": 0.10761702321087716, "bg_count": 103.0, "cls_acc": 0.888671875, "data_time": 0.006281285779550672, "domain_prompter_contrasitive_loss": 0.0006492555839940906, "eta_seconds": 19.25225359853357, "false_neg_ratio": 0.029563106796116505, "fg_cls_acc": 0.953393470790378, "fg_count": 25.0, "focal_loss_0": 0.12115790881216526, "focal_loss_1": 0.08744650613516569, "focal_loss_2": 0.08071490051224828, "iteration": 19, "lr": 0.002, "proto_contrastive_loss": 1.7809928804636002, "prototype_cls_loss": 1.9390787780284882, "rg_l1_loss_0": 0.05560435984383032, "rg_l1_loss_1": 0.035339733621761724, "rg_l1_loss_2": 0.02036463598866757, "rg_l1_loss_3": 0.018542141518490526, "rg_l1_loss_4": 0.014206342158665827, "roi_cover_ratio": 0.8318114874815906, "time": 0.9626126799266785, "total_loss": 5.457186859880548}
{"aux_bce_loss_0": 0.18754406832158566, "aux_bce_loss_1": 0.11725067719817162, "aux_bce_loss_2": 0.08746400382369757, "aux_bce_loss_3": 0.06235384615138173, "aux_bce_loss_4": 0.053008032497018576, "aux_dice_loss_0": 0.11943752225488424, "aux_dice_loss_1": 0.06569289788603783, "aux_dice_loss_2": 0.04804821917787194, "aux_dice_loss_3": 0.0359480045735836, "aux_dice_loss_4": 0.03276646765880287, "bbox_loss": 0.06299289202408742, "bg_count": 104.5, "cls_acc": 0.927734375, "data_time": 0.005944907199591398, "domain_prompter_contrasitive_loss": 0.0006492555839940906, "eta_seconds": 0.0, "false_neg_ratio": 0.022474747474747474, "fg_cls_acc": 0.9775252525252525, "fg_count": 23.5, "focal_loss_0": 0.07610478438436985, "focal_loss_1": 0.043617015704512596, "focal_loss_2": 0.03971540299244225, "iteration": 39, "lr": 2.0000000000000005e-05, "proto_contrastive_loss": 1.7804350554943085, "prototype_cls_loss": 1.9223390221595764, "rg_l1_loss_0": 0.03823449909709489, "rg_l1_loss_1": 0.02017205313644848, "rg_l1_loss_2": 0.01318314062080905, "rg_l1_loss_3": 0.011943309964488537, "rg_l1_loss_4": 0.008631495091372109, "roi_cover_ratio": 0.8148521505376345, "time": 0.9623652277514338, "total_loss": 4.824257928361897}
{"aux_bce_loss_0": 0.24739016592502594, "aux_bce_loss_1": 0.1734546683728695, "aux_bce_loss_2": 0.1274600811302662, "aux_bce_loss_3": 0.09491152781993151, "aux_bce_loss_4": 0.07728932797908783, "aux_dice_loss_0": 0.15638032276183367, "aux_dice_loss_1": 0.09740262478590012, "aux_dice_loss_2": 0.07161558140069246, "aux_dice_loss_3": 0.05263506947085261, "aux_dice_loss_4": 0.046778835356235504, "bbox_loss": 0.10721651923615938, "bg_count": 103.0, "cls_acc": 0.8857421875, "data_time": 0.007299000397324562, "domain_prompter_contrasitive_loss": 0.0006492555839940906, "eta_seconds": 19.14578310213983, "false_neg_ratio": 0.029563106796116505, "fg_cls_acc": 0.9482388316151202, "fg_count": 25.0, "focal_loss_0": 0.1218073545023799, "focal_loss_1": 0.08733896352350712, "focal_loss_2": 0.08048070315271616, "iteration": 19, "lr": 0.002, "proto_contrastive_loss": 1.7809610217809677, "prototype_cls_loss": 1.9390674084424973, "rg_l1_loss_0": 0.055585899435726366, "rg_l1_loss_1": 0.035247112561597814, "rg_l1_loss_2": 0.020377772561203655, "rg_l1_loss_3": 0.018521782352212322, "rg_l1_loss_4": 0.014240847485730714, "roi_cover_ratio": 0.8318114874815906, "time": 0.9572891551069915, "total_loss": 5.458209092139918}
{"aux_bce_loss_0": 0.18774859979748726, "aux_bce_loss_1": 0.11743748467415571, "aux_bce_loss_2": 0.08758430741727352, "aux_bce_loss_3": 0.062407301273196936, "aux_bce_loss_4": 0.053057530894875526, "aux_dice_loss_0": 0.11942234635353088, "aux_dice_loss_1": 0.06572999060153961, "aux_dice_loss_2": 0.0480530085042119, "aux_dice_loss_3": 0.035935945343226194, "aux_dice_loss_4": 0.032810188829898834, "bbox_loss": 0.06322755254601067, "bg_count": 104.5, "cls_acc": 0.9267578125, "data_time": 0.007474010344594717, "domain_prompter_contrasitive_loss": 0.0006492555839940906, "eta_seconds": 0.0, "false_neg_ratio": 0.021420389461626575, "fg_cls_acc": 0.9785796105383734, "fg_count": 23.5, "focal_loss_0": 0.07628362718969584, "focal_loss_1": 0.04354255669750273, "focal_loss_2": 0.03941787569783628, "iteration": 39, "lr": 2.0000000000000005e-05, "proto_contrastive_loss": 1.7803775370121002, "prototype_cls_loss": 1.922287866473198, "rg_l1_loss_0": 0.03825152199180368, "rg_l1_loss_1": 0.020154237984652067, "rg_l1_loss_2": 0.01320108741211982, "rg_l1_loss_3": 0.01193658141463962, "rg_l1_loss_4": 0.008644573377099233, "roi_cover_ratio": 0.8148521505376345, "time": 0.9621168479789048, "total_loss": 4.82486008004039}
