{"aux_bce_loss_0": 0.2669020611792803, "aux_bce_loss_1": 0.21132867597043514, "aux_bce_loss_2": 0.18538270704448223, "aux_bce_loss_3": 0.16940904688090086, "aux_bce_loss_4": 0.16255933605134487, "aux_dice_loss_0": 0.18487230129539967, "aux_dice_loss_1": 0.15329265780746937, "aux_dice_loss_2": 0.12844780180603266, "aux_dice_loss_3": 0.11236664559692144, "aux_dice_loss_4": 0.10450009070336819, "bbox_loss": 0.1461129509361565, "bg_count": 110.375, "cls_acc": 0.876953125, "data_time": 0.005280656274408102, "domain_prompter_contrasitive_loss": 0.0019191339379176497, "eta_seconds": 128.2930537685752, "false_neg_ratio": 0.05915538362346873, "fg_cls_acc": 0.9250841750841751, "fg_count": 17.625, "focal_loss_0": 0.0989365316927433, "focal_loss_1": 0.09702802635729313, "focal_loss_2": 0.0873880460858345, "iteration": 19, "lr": 0.0019000999999999998, "proto_contrastive_loss": 2.8125303089618683, "prototype_cls_loss": 2.9923587441444397, "rg_l1_loss_0": 0.051297636254104495, "rg_l1_loss_1": 0.039730064502340956, "rg_l1_loss_2": 0.033361681339260985, "rg_l1_loss_3": 0.03006951760027856, "rg_l1_loss_4": 0.029425358514781792, "roi_cover_ratio": 0.8350174216027875, "time": 1.60366317210719, "total_loss": 8.129487584451917}
{"aux_bce_loss_0": 0.1918859649449587, "aux_bce_loss_1": 0.13799332454800606, "aux_bce_loss_2": 0.1034374050796032, "aux_bce_loss_3": 0.08595222793519497, "aux_bce_loss_4": 0.07899124594405293, "aux_dice_loss_0": 0.1336256144568324, "aux_dice_loss_1": 0.08556019887328148, "aux_dice_loss_2": 0.064483264926821, "aux_dice_loss_3": 0.05573077918961644, "aux_dice_loss_4": 0.052723316475749016, "bbox_loss": 0.07134895925672907, "bg_count": 111.0, "cls_acc": 0.97265625, "data_time": 0.004681709920987487, "domain_prompter_contrasitive_loss": 0.001919131027534604, "eta_seconds": 98.55112791527063, "false_neg_ratio": 0.014095691880087354, "fg_cls_acc": 0.9859043081199126, "fg_count": 17.0, "focal_loss_0": 0.027943963184952736, "focal_loss_1": 0.019711629138328135, "focal_loss_2": 0.019332374911755323, "iteration": 39, "lr": 0.002, "proto_contrastive_loss": 2.8116563856601715, "prototype_cls_loss": 2.9810531735420227, "rg_l1_loss_0": 0.0339249785747108, "rg_l1_loss_1": 0.022526716123561333, "rg_l1_loss_2": 0.01831189481074682, "rg_l1_loss_3": 0.01624121563546671, "rg_l1_loss_4": 0.014851482263920475, "roi_cover_ratio": 0.828428093645485, "time": 1.674822527449578, "total_loss": 7.048065754030503}
{"aux_bce_loss_0": 0.15969284251332283, "aux_bce_loss_1": 0.1015792889520526, "aux_bce_loss_2": 0.07511580362915993, "aux_bce_loss_3": 0.062000132631510496, "aux_bce_loss_4": 0.05721474252641201, "aux_dice_loss_0": 0.11183698195964098, "aux_dice_loss_1": 0.07008568337187171, "aux_dice_loss_2": 0.05109596438705921, "aux_dice_loss_3": 0.04354360210709274, "aux_dice_loss_4": 0.04271150892600417, "bbox_loss": 0.05898988926097668, "bg_count": 110.875, "cls_acc": 0.974609375, "data_time": 0.004966394510120153, "domain_prompter_contrasitive_loss": 0.001919131027534604, "eta_seconds": 64.78692115284503, "false_neg_ratio": 0.016001024065540194, "fg_cls_acc": 0.9839989759344598, "fg_count": 17.125, "focal_loss_0": 0.020492661744356155, "focal_loss_1": 0.013680426869541407, "focal_loss_2": 0.013010603026486933, "iteration": 59, "lr": 0.0002, "proto_contrastive_loss": 2.810731738805771, "prototype_cls_loss": 2.9654336869716644, "rg_l1_loss_0": 0.02965744713541372, "rg_l1_loss_1": 0.018323640116755982, "rg_l1_loss_2": 0.014323304400350845, "rg_l1_loss_3": 0.01306824462469288, "rg_l1_loss_4": 0.011739110197999732, "roi_cover_ratio": 0.8154533844189016, "time": 1.58311205659993, "total_loss": 6.761391106790455}
{"aux_bce_loss_0": 0.15211279969662428, "aux_bce_loss_1": 0.0970881306566298, "aux_bce_loss_2": 0.06964199431240559, "aux_bce_loss_3": 0.059092133305966854, "aux_bce_loss_4": 0.05532156862318516, "aux_dice_loss_0": 0.10833233967423439, "aux_dice_loss_1": 0.06674264883622527, "aux_dice_loss_2": 0.04952410515397787, "aux_dice_loss_3": 0.04154867958277464, "aux_dice_loss_4": 0.04058464849367738, "bbox_loss": 0.055121397830854305, "bg_count": 112.75, "cls_acc": 0.98046875, "data_time": 0.004618803970515728, "domain_prompter_contrasitive_loss": 0.001919131027534604, "eta_seconds": 32.93707601260394, "false_neg_ratio": 0.0, "fg_cls_acc": 1.0, "fg_count": 15.25, "focal_loss_0": 0.018830635235644877, "focal_loss_1": 0.012783951649907976, "focal_loss_2": 0.01238291198387742, "iteration": 79, "lr": 0.0002, "proto_contrastive_loss": 2.810524880886078, "prototype_cls_loss": 2.962881326675415, "rg_l1_loss_0": 0.027750808033886586, "rg_l1_loss_1": 0.017183343030703638, "rg_l1_loss_2": 0.012981015577069339, "rg_l1_loss_3": 0.012039500802738124, "rg_l1_loss_4": 0.01105106940672474, "roi_cover_ratio": 0.8144132653061225, "time": 1.6911519968416542, "total_loss": 6.6998955321911}
{"aux_bce_loss_0": 0.15192151255905628, "aux_bce_loss_1": 0.0950144873932004, "aux_bce_loss_2": 0.06837770994752645, "aux_bce_loss_3": 0.05684754252433777, "aux_bce_loss_4": 0.05185370473191142, "aux_dice_loss_0": 0.1071868846192956, "aux_dice_loss_1": 0.06581778032705188, "aux_dice_loss_2": 0.04798349365592003, "aux_dice_loss_3": 0.04085805849172175, "aux_dice_loss_4": 0.039437157567590475, "bbox_loss": 0.0500948751602477, "bg_count": 110.25, "cls_acc": 0.9736328125, "data_time": 0.004805018426850438, "domain_prompter_contrasitive_loss": 0.001919131027534604, "eta_seconds": 0.0, "false_neg_ratio": 0.0, "fg_cls_acc": 1.0, "fg_count": 17.75, "focal_loss_0": 0.016833946225233376, "focal_loss_1": 0.011812709795776755, "focal_loss_2": 0.011382996046449989, "iteration": 99, "lr": 2.0000000000000005e-05, "proto_contrastive_loss": 2.8105883598327637, "prototype_cls_loss": 2.9622660279273987, "rg_l1_loss_0": 0.02622329265187443, "rg_l1_loss_1": 0.01626319572311788, "rg_l1_loss_2": 0.012851972663479351, "rg_l1_loss_3": 0.011842126020588902, "rg_l1_loss_4": 0.010733015338879607, "roi_cover_ratio": 0.8732394366197183, "time": 1.6482014511711895, "total_loss": 6.6609928970992645}
