{"aux_bce_loss_0": 0.2675582617521286, "aux_bce_loss_1": 0.21543990820646286, "aux_bce_loss_2": 0.1867697425186634, "aux_bce_loss_3": 0.17966313287615776, "aux_bce_loss_4": 0.17666655965149403, "aux_dice_loss_0": 0.19159462489187717, "aux_dice_loss_1": 0.14938783459365368, "aux_dice_loss_2": 0.12761377077549696, "aux_dice_loss_3": 0.11718014813959599, "aux_dice_loss_4": 0.11246640793979168, "bbox_loss": 0.14122647320362047, "bg_count": 114.125, "cls_acc": 0.9169921875, "data_time": 0.006154022645205259, "eta_seconds": 124.41535480320454, "false_neg_ratio": 0.0136986301369863, "fg_cls_acc": 0.9863013698630136, "fg_count": 13.875, "focal_loss_0": 0.07138504320755601, "focal_loss_1": 0.07082411320880055, "focal_loss_2": 0.04968099482357502, "iteration": 19, "lr": 0.00019081000000000002, "rg_l1_loss_0": 0.0461924636227698, "rg_l1_loss_1": 0.03541769423149398, "rg_l1_loss_2": 0.030446967768163413, "rg_l1_loss_3": 0.029567509833007675, "rg_l1_loss_4": 0.02918788559579434, "roi_cover_ratio": 0.8087404453306747, "time": 0.6911964155733585, "total_loss": 2.181231167294741}
{"aux_bce_loss_0": 0.19565453566610813, "aux_bce_loss_1": 0.1297342162579298, "aux_bce_loss_2": 0.10030224174261093, "aux_bce_loss_3": 0.08806471573188901, "aux_bce_loss_4": 0.08471810538321733, "aux_dice_loss_0": 0.1372908065095544, "aux_dice_loss_1": 0.09472278412431479, "aux_dice_loss_2": 0.07513691764324903, "aux_dice_loss_3": 0.06756555521860719, "aux_dice_loss_4": 0.06620650319382548, "bbox_loss": 0.07617689784334808, "bg_count": 112.75, "cls_acc": 0.974609375, "data_time": 0.00784497451968491, "eta_seconds": 110.74824795126915, "false_neg_ratio": 0.0, "fg_cls_acc": 1.0, "fg_count": 15.25, "focal_loss_0": 0.03725059982389212, "focal_loss_1": 0.01583692617714405, "focal_loss_2": 0.016263981931842864, "iteration": 39, "lr": 0.00039061, "rg_l1_loss_0": 0.03138314413015504, "rg_l1_loss_1": 0.02410467294655276, "rg_l1_loss_2": 0.01867091307114308, "rg_l1_loss_3": 0.017652657058285066, "rg_l1_loss_4": 0.017327680635950252, "roi_cover_ratio": 0.8239268680445151, "time": 0.693752892781049, "total_loss": 1.2961068791155017}
{"aux_bce_loss_0": 0.15406307950615883, "aux_bce_loss_1": 0.09012085199356079, "aux_bce_loss_2": 0.06331494590267539, "aux_bce_loss_3": 0.05575847765430808, "aux_bce_loss_4": 0.05402428051456809, "aux_dice_loss_0": 0.11144009325653315, "aux_dice_loss_1": 0.06656244397163391, "aux_dice_loss_2": 0.04995796782895923, "aux_dice_loss_3": 0.04460669308900833, "aux_dice_loss_4": 0.04433723771944642, "bbox_loss": 0.04712548130876368, "bg_count": 114.5, "cls_acc": 0.978515625, "data_time": 0.00861816294491291, "eta_seconds": 96.9047169573605, "false_neg_ratio": 0.0, "fg_cls_acc": 1.0, "fg_count": 13.5, "focal_loss_0": 0.015671143191866577, "focal_loss_1": 0.010772293724585325, "focal_loss_2": 0.010626425500959158, "iteration": 59, "lr": 0.00059041, "rg_l1_loss_0": 0.02297074314156592, "rg_l1_loss_1": 0.016065185347283427, "rg_l1_loss_2": 0.012049109268016923, "rg_l1_loss_3": 0.011047902047445528, "rg_l1_loss_4": 0.010211137260156735, "roi_cover_ratio": 0.8126371215445372, "time": 0.6922961513046175, "total_loss": 0.8928873343068999}
{"aux_bce_loss_0": 0.12749643344432116, "aux_bce_loss_1": 0.07304608868435025, "aux_bce_loss_2": 0.05181445414200425, "aux_bce_loss_3": 0.04508351953700185, "aux_bce_loss_4": 0.043998186476528645, "aux_dice_loss_0": 0.09441691357642412, "aux_dice_loss_1": 0.05442769406363368, "aux_dice_loss_2": 0.03908086707815528, "aux_dice_loss_3": 0.03411141247488558, "aux_dice_loss_4": 0.034934674156829715, "bbox_loss": 0.039862131386173213, "bg_count": 114.625, "cls_acc": 0.9853515625, "data_time": 0.008901207707822323, "eta_seconds": 83.17776398733258, "false_neg_ratio": 0.0, "fg_cls_acc": 1.0, "fg_count": 13.375, "focal_loss_0": 0.011384981742594391, "focal_loss_1": 0.008764819300267845, "focal_loss_2": 0.008762959856539965, "iteration": 79, "lr": 0.0007902100000000001, "rg_l1_loss_0": 0.018603725706360836, "rg_l1_loss_1": 0.012868084649540989, "rg_l1_loss_2": 0.010890531280717501, "rg_l1_loss_3": 0.010219709992544589, "rg_l1_loss_4": 0.009222528423587843, "roi_cover_ratio": 0.7855089131684876, "time": 0.6946111628785729, "total_loss": 0.735962082628949}
{"aux_bce_loss_0": 0.11221004649996758, "aux_bce_loss_1": 0.06257475633174181, "aux_bce_loss_2": 0.0460297642275691, "aux_bce_loss_3": 0.039880946977064013, "aux_bce_loss_4": 0.03876068303361535, "aux_dice_loss_0": 0.08305712323635817, "aux_dice_loss_1": 0.04723843839019537, "aux_dice_loss_2": 0.033576864982023835, "aux_dice_loss_3": 0.0289868984837085, "aux_dice_loss_4": 0.029298524139449, "bbox_loss": 0.04047699192395225, "bg_count": 114.875, "cls_acc": 0.98828125, "data_time": 0.008222224656492472, "eta_seconds": 69.46046610828489, "false_neg_ratio": 0.0, "fg_cls_acc": 1.0, "fg_count": 13.125, "focal_loss_0": 0.009758366330061108, "focal_loss_1": 0.00774425535928458, "focal_loss_2": 0.007450792967574671, "iteration": 99, "lr": 0.00099001, "rg_l1_loss_0": 0.015587443279740314, "rg_l1_loss_1": 0.011416249735568734, "rg_l1_loss_2": 0.010248518022284887, "rg_l1_loss_3": 0.010208230017508736, "rg_l1_loss_4": 0.009134613091697122, "roi_cover_ratio": 0.8214869281045751, "time": 0.7021205567289144, "total_loss": 0.6427230210157124}
{"aux_bce_loss_0": 0.09923540614545345, "aux_bce_loss_1": 0.05605683661997318, "aux_bce_loss_2": 0.03989781253039837, "aux_bce_loss_3": 0.03397184587083757, "aux_bce_loss_4": 0.03270576894283295, "aux_dice_loss_0": 0.07562078721821308, "aux_dice_loss_1": 0.04235637187957764, "aux_dice_loss_2": 0.02913363534025848, "aux_dice_loss_3": 0.024587889900431037, "aux_dice_loss_4": 0.02500330121256411, "bbox_loss": 0.037078210582740925, "bg_count": 113.875, "cls_acc": 0.986328125, "data_time": 0.007976295193657279, "eta_seconds": 55.57625798508525, "false_neg_ratio": 0.0, "fg_cls_acc": 1.0, "fg_count": 14.125, "focal_loss_0": 0.00890802632784471, "focal_loss_1": 0.006829215359175578, "focal_loss_2": 0.006594507896807045, "iteration": 119, "lr": 0.001, "rg_l1_loss_0": 0.013424043063926146, "rg_l1_loss_1": 0.010898821455650598, "rg_l1_loss_2": 0.009809118992593693, "rg_l1_loss_3": 0.009824478032241825, "rg_l1_loss_4": 0.008632692436091726, "roi_cover_ratio": 0.8264957264957264, "time": 0.6952482284978032, "total_loss": 0.5698826569380628}
{"aux_bce_loss_0": 0.09653790760785341, "aux_bce_loss_1": 0.05269256932660937, "aux_bce_loss_2": 0.03745118994265795, "aux_bce_loss_3": 0.03136227233335376, "aux_bce_loss_4": 0.03015769855119288, "aux_dice_loss_0": 0.07321693748235703, "aux_dice_loss_1": 0.03984114155173302, "aux_dice_loss_2": 0.027802343480288982, "aux_dice_loss_3": 0.023456413997337222, "aux_dice_loss_4": 0.023652565432712436, "bbox_loss": 0.03764295760014142, "bg_count": 112.25, "cls_acc": 0.990234375, "data_time": 0.008555108914151788, "eta_seconds": 41.72253313008696, "false_neg_ratio": 0.0, "fg_cls_acc": 1.0, "fg_count": 15.75, "focal_loss_0": 0.007354980218224227, "focal_loss_1": 0.0056116688647307456, "focal_loss_2": 0.005269872606731951, "iteration": 139, "lr": 0.0001, "rg_l1_loss_0": 0.013096110639151625, "rg_l1_loss_1": 0.010030289016320007, "rg_l1_loss_2": 0.009284026875341758, "rg_l1_loss_3": 0.009354227823973849, "rg_l1_loss_4": 0.00843617696914918, "roi_cover_ratio": 0.8260765550239234, "time": 0.6966476985253394, "total_loss": 0.541934530443794}
{"aux_bce_loss_0": 0.09203363303095102, "aux_bce_loss_1": 0.04989844001829624, "aux_bce_loss_2": 0.03559229779057205, "aux_bce_loss_3": 0.02955639990977943, "aux_bce_loss_4": 0.029139142483472824, "aux_dice_loss_0": 0.07115435414016247, "aux_dice_loss_1": 0.03912111558020115, "aux_dice_loss_2": 0.026874752715229988, "aux_dice_loss_3": 0.022284027887508273, "aux_dice_loss_4": 0.022861030884087086, "bbox_loss": 0.032836358707580886, "bg_count": 113.375, "cls_acc": 0.98828125, "data_time": 0.008820318384096026, "eta_seconds": 27.82533511519432, "false_neg_ratio": 0.0, "fg_cls_acc": 1.0, "fg_count": 14.625, "focal_loss_0": 0.00820281941560097,