{"bg_count": 110.25, "fg_count": 17.75, "iteration": 0}
{"aux_bce_loss_0": 0.29356132820248604, "aux_bce_loss_1": 0.23429327830672264, "aux_bce_loss_2": 0.17734741792082787, "aux_bce_loss_3": 0.13636395893990993, "aux_bce_loss_4": 0.12001097667962313, "aux_dice_loss_0": 0.18317545391619205, "aux_dice_loss_1": 0.14155100844800472, "aux_dice_loss_2": 0.10290677938610315, "aux_dice_loss_3": 0.08063958212733269, "aux_dice_loss_4": 0.07243196479976177, "bbox_loss": 0.125460820398888, "bg_count": 106.25, "cls_acc": 0.8544921875, "data_time": 0.006409060209989548, "domain_prompter_contrasitive_loss": 0.0006492555839940906, "eta_seconds": 77.37462235614657, "false_neg_ratio": 0.044056056701030924, "fg_cls_acc": 0.9062756919704029, "fg_count": 21.75, "focal_loss_0": 0.22709251008927822, "focal_loss_1": 0.13988383579999208, "focal_loss_2": 0.11506448313593864, "iteration": 19, "lr": 0.0019000999999999998, "proto_contrastive_loss": 1.840187519788742, "prototype_cls_loss": 1.9421911537647247, "rg_l1_loss_0": 0.055100387992446376, "rg_l1_loss_1": 0.03921288774816539, "rg_l1_loss_2": 0.026538763592753412, "rg_l1_loss_3": 0.022042953431259463, "rg_l1_loss_4": 0.019043575114078934, "roi_cover_ratio": 0.8388066604995374, "time": 0.9671827794518322, "total_loss": 6.1076621519045595}
{"aux_bce_loss_0": 0.24252811446785927, "aux_bce_loss_1": 0.16709516569972038, "aux_bce_loss_2": 0.11913817189633846, "aux_bce_loss_3": 0.0893504936248064, "aux_bce_loss_4": 0.07227584533393383, "aux_dice_loss_0": 0.15284015238285065, "aux_dice_loss_1": 0.10007614083588123, "aux_dice_loss_2": 0.07085751788690686, "aux_dice_loss_3": 0.0548760904930532, "aux_dice_loss_4": 0.04891567351296544, "bbox_loss": 0.0876689603544533, "bg_count": 106.5, "cls_acc": 0.91796875, "data_time": 0.006857659434899688, "domain_prompter_contrasitive_loss": 0.0006492555839940906, "eta_seconds": 58.16896077711135, "false_neg_ratio": 0.02502076411960133, "fg_cls_acc": 0.9749792358803986, "fg_count": 21.5, "focal_loss_0": 0.09540231293067336, "focal_loss_1": 0.05313163832761347, "focal_loss_2": 0.04486859682947397, "iteration": 39, "lr": 0.002, "proto_contrastive_loss": 1.8377212435007095, "prototype_cls_loss": 1.9219671785831451, "rg_l1_loss_0": 0.04668450152103894, "rg_l1_loss_1": 0.02874620003829783, "rg_l1_loss_2": 0.019588830785393075, "rg_l1_loss_3": 0.01488268468480241, "rg_l1_loss_4": 0.012213325993973893, "roi_cover_ratio": 0.8299512987012987, "time": 0.9728436598088592, "total_loss": 5.287153714235741}
{"aux_bce_loss_0": 0.204986073076725, "aux_bce_loss_1": 0.13856919389218092, "aux_bce_loss_2": 0.09908757545053959, "aux_bce_loss_3": 0.07275718590244651, "aux_bce_loss_4": 0.059782789554446936, "aux_dice_loss_0": 0.13895299844443798, "aux_dice_loss_1": 0.08738980814814568, "aux_dice_loss_2": 0.05967574706301093, "aux_dice_loss_3": 0.045053824316710234, "aux_dice_loss_4": 0.0393146148417145, "bbox_loss": 0.06903203875594383, "bg_count": 106.25, "cls_acc": 0.951171875, "data_time": 0.007751236902549863, "domain_prompter_contrasitive_loss": 0.0006492555839940906, "eta_seconds": 38.874630657956004, "false_neg_ratio": 0.012049941927990708, "fg_cls_acc": 0.9879500580720093, "fg_count": 21.75, "focal_loss_0": 0.05411794222891331, "focal_loss_1": 0.03584951045922935, "focal_loss_2": 0.03102964861318469, "iteration": 59, "lr": 0.0002, "proto_contrastive_loss": 1.8360845893621445, "prototype_cls_loss": 1.8981047719717026, "rg_l1_loss_0": 0.041563350231921425, "rg_l1_loss_1": 0.024211602691968613, "rg_l1_loss_2": 0.01511301594423643, "rg_l1_loss_3": 0.012123058200885398, "rg_l1_loss_4": 0.010089500262958295, "roi_cover_ratio": 0.8186653771760155, "time": 0.9774013713467866, "total_loss": 4.986868478144207}
{"aux_bce_loss_0": 0.20082552172243595, "aux_bce_loss_1": 0.1331786885857582, "aux_bce_loss_2": 0.09121424471959472, "aux_bce_loss_3": 0.06637905444949865, "aux_bce_loss_4": 0.05371421668678522, "aux_dice_loss_0": 0.13726860471069813, "aux_dice_loss_1": 0.08214366063475609, "aux_dice_loss_2": 0.05640956433489919, "aux_dice_loss_3": 0.04195319069549441, "aux_dice_loss_4": 0.03664465434849262, "bbox_loss": 0.06564383275764288, "bg_count": 106.25, "cls_acc": 0.94140625, "data_time": 0.0073210184928029776, "domain_prompter_contrasitive_loss": 0.0006492555839940906, "eta_seconds": 19.438871671445668, "false_neg_ratio": 0.013602941176470588, "fg_cls_acc": 0.9863970588235295, "fg_count": 21.75, "focal_loss_0": 0.046250196639448404, "focal_loss_1": 0.033083020243793726, "focal_loss_2": 0.030005211010575294, "iteration": 79, "lr": 0.0002, "proto_contrastive_loss": 1.8349582105875015, "prototype_cls_loss": 1.893539160490036, "rg_l1_loss_0": 0.039675118252978314, "rg_l1_loss_1": 0.021587314628956814, "rg_l1_loss_2": 0.013979343927350108, "rg_l1_loss_3": 0.011262074357152636, "rg_l1_loss_4": 0.009377096268135925, "roi_cover_ratio": 0.8286993082869931, "time": 0.9786729675251991, "total_loss": 4.90452154232946}
{"aux_bce_loss_0": 0.20188234373927116, "aux_bce_loss_1": 0.1320255072787404, "aux_bce_loss_2": 0.09177876822650433, "aux_bce_loss_3": 0.06635448709130287, "aux_bce_loss_4": 0.05438573891296983, "aux_dice_loss_0": 0.13270384073257446, "aux_dice_loss_1": 0.08046841342002153, "aux_dice_loss_2": 0.054392915684729815, "aux_dice_loss_3": 0.04099940974265337, "aux_dice_loss_4": 0.03597171511501074, "bbox_loss": 0.06416058882624076, "bg_count": 104.75, "cls_acc": 0.947265625, "data_time": 0.006936439545825124, "domain_prompter_contrasitive_loss": 0.0006492555839940906, "eta_seconds": 0.0, "false_neg_ratio": 0.011779379157427938, "fg_cls_acc": 0.9882206208425721, "fg_count": 23.25, "focal_loss_0": 0.044968738220632076, "focal_loss_1": 0.03139068931341171, "focal_loss_2": 0.027776465052738786, "iteration": 99, "lr": 2.0000000000000005e-05, "proto_contrastive_loss": 1.8351892530918121, "prototype_cls_loss": 1.892000898718834, "rg_l1_loss_0": 0.03835595003246838, "rg_l1_loss_1": 0.021700497987106257, "rg_l1_loss_2": 0.013293922524791411, "rg_l1_loss_3": 0.010961885211638987, "rg_l1_loss_4": 0.009252309219832548, "roi_cover_ratio": 0.8186147186147186, "time": 0.9770426161121577, "total_loss": 4.879333053200744}
{"aux_bce_loss_0": 0.29362643137574196, "aux_bce_loss_1": 0.2342209815979004, "aux_bce_loss_2": 0.17736144550144672, "aux_bce_loss_3": 0.13640923984348774, "aux_bce_loss_4": 0.12005915865302086, "aux_dice_loss_0": 0.18318485468626022, "aux_dice_loss_1": 0.14155933819711208, "aux_dice_loss_2": 0.10292706824839115, "aux_dice_loss_3": 0.08060777792707086, "aux_dice_loss_4": 0.07248603133484721, "bbox_loss": 0.125599182524731, "bg_count": 106.25, "cls_acc": 0.8544921875, "data_time": 0.006451976019889116, "domain_prompter_contrasitive_loss": 0.0006492555839940906, "eta_seconds": 78.04516142234206, "false_neg_ratio": 0.04869002525252525, "fg_cls_acc": 0.9001781309947932, "fg_count": 21.75, "focal_loss_0": 0.22698622196912766, "focal_loss_1": 0.14042054349556565, "focal_loss_2": 0.1152058020234108, "iteration": 19, "lr": 0.0019000999999999998, "proto_contrastive_loss": 1.8401852548122406, "prototype_cls_loss": 1.942189246416092, "rg_l1_loss_0": 0.05509000657436053, "rg_l1_loss_1": 0.0393003117430331, "rg_l1_loss_2": 0.026558343071468427, "rg_l1_loss_3": 0.022026607876968855, "rg_l1_loss_4": 0.019041077921865837, "roi_cover_ratio": 0.8388066604995374, "time": 0.9755645177792758, "total_loss": 6.106971545923596}
{"aux_bce_loss_0": 0.24265936575829983, "aux_bce_loss_1": 0.16732091456651688, "aux_bce_loss_2": 0.11925819888710976, "aux_bce_loss_3": 0.08943690918385983, "aux_bce_loss_4": 0.07232748391106725, "aux_dice_loss_0": 0.1530000902712345, "aux_dice_loss_1": 0.10014780517667532, "aux_dice_loss_2": 0.07091172644868493, "aux_dice_loss_3": 0.054898095317184925, "aux_dice_loss_4": 0.04893414303660393, "bbox_loss": 0.08793273339601432, "bg_count": 106.5, "cls_acc": 0.91796875, "data_time": 0.0066397604532539845, "domain_prompter_contrasitive_loss": 0.0006492555839940906, "eta_seconds": 58.47191290464252,