{"aux_bce_loss_0": 0.17409435659646988, "aux_bce_loss_1": 0.10545882675796747, "aux_bce_loss_2": 0.070355080999434, "aux_bce_loss_3": 0.05557921528816223, "aux_bce_loss_4": 0.05065510794520378, "aux_dice_loss_0": 0.14046841487288475, "aux_dice_loss_1": 0.0828241091221571, "aux_dice_loss_2": 0.0594098218716681, "aux_dice_loss_3": 0.049634977243840694, "aux_dice_loss_4": 0.047575758304446936, "bbox_loss": 0.02710247446177299, "bg_count": 118.0, "cls_acc": 0.935546875, "data_time": 0.006464359583333135, "eta_seconds": 121.19431849569082, "false_neg_ratio": 0.0, "fg_cls_acc": 1.0, "fg_count": 10.0, "focal_loss_0": 0.08743509277701378, "focal_loss_1": 0.08179520443081856, "focal_loss_2": 0.0571121359243989, "iteration": 19, "lr": 0.00019081000000000002, "rg_l1_loss_0": 0.030727790174697858, "rg_l1_loss_1": 0.014268769060430843, "rg_l1_loss_2": 0.011935211316921362, "rg_l1_loss_3": 0.009781700829875988, "rg_l1_loss_4": 0.008896443584629118, "roi_cover_ratio": 0.7759856630824373, "time": 0.6733017694205046, "total_loss": 1.0768234782025548}
{"aux_bce_loss_0": 0.10484215803444386, "aux_bce_loss_1": 0.05727200582623482, "aux_bce_loss_2": 0.041741625405848026, "aux_bce_loss_3": 0.034354207338765264, "aux_bce_loss_4": 0.03380745183676481, "aux_dice_loss_0": 0.08134153950959444, "aux_dice_loss_1": 0.04699526075273752, "aux_dice_loss_2": 0.03445551171898842, "aux_dice_loss_3": 0.03034988953731954, "aux_dice_loss_4": 0.031910928431898355, "bbox_loss": 0.02030272594947141, "bg_count": 118.375, "cls_acc": 0.9765625, "data_time": 0.008986363420262933, "eta_seconds": 109.03394423425198, "false_neg_ratio": 0.01282051282051282, "fg_cls_acc": 0.9871794871794872, "fg_count": 9.625, "focal_loss_0": 0.031628085765987635, "focal_loss_1": 0.022312366170808673, "focal_loss_2": 0.015216840896755457, "iteration": 39, "lr": 0.00039061, "rg_l1_loss_0": 0.01613214255803195, "rg_l1_loss_1": 0.009697293891852025, "rg_l1_loss_2": 0.00914124010166802, "rg_l1_loss_3": 0.00824297249864775, "rg_l1_loss_4": 0.007221152517458763, "roi_cover_ratio": 0.7661943319838057, "time": 0.6834910796023905, "total_loss": 0.6388311177842116}
{"aux_bce_loss_0": 0.07767169084399939, "aux_bce_loss_1": 0.039621144998818636, "aux_bce_loss_2": 0.028579673497006297, "aux_bce_loss_3": 0.024455389706417918, "aux_bce_loss_4": 0.025697538629174232, "aux_dice_loss_0": 0.06431043287739158, "aux_dice_loss_1": 0.034708383958786726, "aux_dice_loss_2": 0.02588614053092897, "aux_dice_loss_3": 0.022032263921573758, "aux_dice_loss_4": 0.024770475225523114, "bbox_loss": 0.022313279690234, "bg_count": 118.625, "cls_acc": 0.984375, "data_time": 0.009255178039893508, "eta_seconds": 95.57300719432533, "false_neg_ratio": 0.0, "fg_cls_acc": 1.0, "fg_count": 9.375, "focal_loss_0": 0.017999637755565345, "focal_loss_1": 0.009125462034717202, "focal_loss_2": 0.008759456919506192, "iteration": 59, "lr": 0.00059041, "rg_l1_loss_0": 0.012399056003200286, "rg_l1_loss_1": 0.009759989858736905, "rg_l1_loss_2": 0.009187968739186314, "rg_l1_loss_3": 0.009359811408037905, "rg_l1_loss_4": 0.007817709364234954, "roi_cover_ratio": 0.7858312858312858, "time": 0.6849220732692629, "total_loss": 0.4808893808516659}
{"aux_bce_loss_0": 0.0688417311757803, "aux_bce_loss_1": 0.03538916143588722, "aux_bce_loss_2": 0.025500481482595205, "aux_bce_loss_3": 0.022640993120148778, "aux_bce_loss_4": 0.023016348714008927, "aux_dice_loss_0": 0.05471959197893739, "aux_dice_loss_1": 0.029114931588992476, "aux_dice_loss_2": 0.020950092701241374, "aux_dice_loss_3": 0.018438098719343543, "aux_dice_loss_4": 0.01986634638160467, "bbox_loss": 0.02092817785736112, "bg_count": 118.625, "cls_acc": 0.982421875, "data_time": 0.009843957144767046, "eta_seconds": 82.04743805341423, "false_neg_ratio": 0.0, "fg_cls_acc": 1.0, "fg_count": 9.375, "focal_loss_0": 0.011624179605860263, "focal_loss_1": 0.007261478924192488, "focal_loss_2": 0.008345969137735665, "iteration": 79, "lr": 0.0007902100000000001, "rg_l1_loss_0": 0.010902186344666158, "rg_l1_loss_1": 0.009913748082168702, "rg_l1_loss_2": 0.009252720133620888, "rg_l1_loss_3": 0.009447199759176043, "rg_l1_loss_4": 0.007906551952595143, "roi_cover_ratio": 0.7533783783783784, "time": 0.6859291994478554, "total_loss": 0.40506820148395806}
{"aux_bce_loss_0": 0.05658190976828337, "aux_bce_loss_1": 0.028176762862131, "aux_bce_loss_2": 0.02060051285661757, "aux_bce_loss_3": 0.019222776172682643, "aux_bce_loss_4": 0.01803788251709193, "aux_dice_loss_0": 0.04725501732900739, "aux_dice_loss_1": 0.024663765914738178, "aux_dice_loss_2": 0.017023120541125536, "aux_dice_loss_3": 0.01391496101859957, "aux_dice_loss_4": 0.015007477486506104, "bbox_loss": 0.023859044355794223, "bg_count": 119.25, "cls_acc": 0.98828125, "data_time": 0.008731515146791935, "eta_seconds": 68.37286504451185, "false_neg_ratio": 0.0, "fg_cls_acc": 1.0, "fg_count": 8.75, "focal_loss_0": 0.008950447489041835, "focal_loss_1": 0.005430104327388108, "focal_loss_2": 0.006318561616353691, "iteration": 99, "lr": 0.00099001, "rg_l1_loss_0": 0.009905199729502344, "rg_l1_loss_1": 0.0103507406552562, "rg_l1_loss_2": 0.009935424960843296, "rg_l1_loss_3": 0.009995163103860229, "rg_l1_loss_4": 0.008977341579702067, "roi_cover_ratio": 0.7941176470588235, "time": 0.682010312564671, "total_loss": 0.35642454213862584}
{"aux_bce_loss_0": 0.048419732600450516, "aux_bce_loss_1": 0.023886166280135512, "aux_bce_loss_2": 0.016409779200330377, "aux_bce_loss_3": 0.013383976765908301, "aux_bce_loss_4": 0.013674017041921616, "aux_dice_loss_0": 0.04158330848440528, "aux_dice_loss_1": 0.021389219211414456, "aux_dice_loss_2": 0.014033817686140537, "aux_dice_loss_3": 0.011395162087865174, "aux_dice_loss_4": 0.012262557516805828, "bbox_loss": 0.023624753703564948, "bg_count": 118.625, "cls_acc": 0.990234375, "data_time": 0.007179118925705552, "eta_seconds": 54.6990916877985, "false_neg_ratio": 0.0, "fg_cls_acc": 1.0, "fg_count": 9.375, "focal_loss_0": 0.007808414986357093, "focal_loss_1": 0.003981535352068022, "focal_loss_2": 0.004355091572506353, "iteration": 119, "lr": 0.001, "rg_l1_loss_0": 0.009307455902822392, "rg_l1_loss_1": 0.010100584086711255, "rg_l1_loss_2": 0.009900035428977022, "rg_l1_loss_3": 0.01028265770490806, "rg_l1_loss_4": 0.008921460396427546, "roi_cover_ratio": 0.7692307692307693, "time": 0.6841374901123345, "total_loss": 0.30505018398947453}
{"aux_bce_loss_0": 0.04640677338466048, "aux_bce_loss_1": 0.023879369720816612, "aux_bce_loss_2": 0.016603876487351954, "aux_bce_loss_3": 0.01376115542370826, "aux_bce_loss_4": 0.013641253346577287, "aux_dice_loss_0": 0.039120777510106564, "aux_dice_loss_1": 0.020752211567014456, "aux_dice_loss_2": 0.013347337953746319, "aux_dice_loss_3": 0.010531406733207405, "aux_dice_loss_4": 0.011080597701948136, "bbox_loss": 0.023355052838476754, "bg_count": 118.75, "cls_acc": 0.9912109375, "data_time": 0.008228691760450602, "eta_seconds": 41.0628811083734, "false_neg_ratio": 0.0, "fg_cls_acc": 1.0, "fg_count": 9.25, "focal_loss_0": 0.007689678575843573, "focal_loss_1": 0.004459707502974197, "focal_loss_2": 0.004602589877322316, "iteration": 139, "lr": 0.0001, "rg_l1_loss_0": 0.009329280637358503, "rg_l1_loss_1": 0.00961076100967783, "rg_l1_loss_2": 0.009187462171574925, "rg_l1_loss_3": 0.009714829114318651, "rg_l1_loss_4": 0.008582034576492113, "roi_cover_ratio": 0.7611111111111111, "time": 0.6881960895843804, "total_loss": 0.2916087934122094}
{"aux_bce_loss_0": 0.045503437984734774, "aux_bce_loss_1": 0.021243019960820675, "aux_bce_loss_2": 0.014178699115291238, "aux_bce_loss_3": 0.01133382658008486, "aux_bce_loss_4": 0.011225845082663, "aux_dice_loss_0": 0.03864251356571913, "aux_dice_loss_1": 0.019800886744633317, "aux_dice_loss_2": 0.012290919199585915, "aux_dice_loss_3": 0.009344834950752556, "aux_dice_loss_4": 0.009725491050630808, "bbox_loss": 0.021300347921372677, "bg_count": 119.125, "cls_acc": 0.9921875, "data_time": 0.0073918181005865335, "eta_seconds": 27.34954584389925, "false_neg_ratio": 0.0, "fg_cls_acc": 1.0, "fg_count": 8.875,