{"aux_bce_loss_0": 0.2766079995781183, "aux_bce_loss_1": 0.23268483765423298, "aux_bce_loss_2": 0.20557908155024052, "aux_bce_loss_3": 0.19194315187633038, "aux_bce_loss_4": 0.18771395087242126, "aux_dice_loss_0": 0.19459485076367855, "aux_dice_loss_1": 0.16292661987245083, "aux_dice_loss_2": 0.13846338633447886, "aux_dice_loss_3": 0.12891383655369282, "aux_dice_loss_4": 0.12448829878121614, "bbox_loss": 0.10787406827809054, "bg_count": 119.375, "cls_acc": 0.935546875, "data_time": 0.005647900048643351, "domain_prompter_contrasitive_loss": 0.0003159733896609396, "eta_seconds": 48.5157300112769, "false_neg_ratio": 0.20588235294117646, "fg_cls_acc": 0.7399159663865547, "fg_count": 8.625, "focal_loss_0": 0.08509328635409474, "focal_loss_1": 0.08683397015556693, "focal_loss_2": 0.07152456883341074, "iteration": 19, "lr": 0.0019000999999999998, "proto_contrastive_loss": 1.0049902349710464, "prototype_cls_loss": 1.0926057994365692, "rg_l1_loss_0": 0.050561269227508185, "rg_l1_loss_1": 0.04116851581591838, "rg_l1_loss_2": 0.03730715183518911, "rg_l1_loss_3": 0.036540660727685685, "rg_l1_loss_4": 0.03566626718841334, "roi_cover_ratio": 0.910427807486631, "time": 0.8085955001879483, "total_loss": 4.462352776928801}
{"aux_bce_loss_0": 0.2190985530614853, "aux_bce_loss_1": 0.15091610979288816, "aux_bce_loss_2": 0.1135039608925581, "aux_bce_loss_3": 0.10149498004466295, "aux_bce_loss_4": 0.09617857821285725, "aux_dice_loss_0": 0.14501564390957355, "aux_dice_loss_1": 0.09867912251502275, "aux_dice_loss_2": 0.07720185164362192, "aux_dice_loss_3": 0.06930198380723596, "aux_dice_loss_4": 0.068427674472332, "bbox_loss": 0.054675599175743564, "bg_count": 118.875, "cls_acc": 0.9677734375, "data_time": 0.00636669946834445, "domain_prompter_contrasitive_loss": 0.0003159733896609396, "eta_seconds": 32.58490992709994, "false_neg_ratio": 0.043557168784029036, "fg_cls_acc": 0.956442831215971, "fg_count": 9.125, "focal_loss_0": 0.033734973054379225, "focal_loss_1": 0.02508020168170333, "focal_loss_2": 0.022106584860011935, "iteration": 39, "lr": 0.0002, "proto_contrastive_loss": 1.0018768012523651, "prototype_cls_loss": 1.0561002045869827, "rg_l1_loss_0": 0.035638142051401415, "rg_l1_loss_1": 0.025806957286797806, "rg_l1_loss_2": 0.02131354688573792, "rg_l1_loss_3": 0.020193328084273342, "rg_l1_loss_4": 0.018881027653493237, "roi_cover_ratio": 0.9198717948717949, "time": 0.8157762901391834, "total_loss": 3.444276502968667}
{"aux_bce_loss_0": 0.20087840408086777, "aux_bce_loss_1": 0.12806264217942953, "aux_bce_loss_2": 0.09615229442715645, "aux_bce_loss_3": 0.08384029939770699, "aux_bce_loss_4": 0.07880052551627159, "aux_dice_loss_0": 0.1372789442539215, "aux_dice_loss_1": 0.08922184444963932, "aux_dice_loss_2": 0.06890395889058709, "aux_dice_loss_3": 0.060894951689988375, "aux_dice_loss_4": 0.0601352802477777, "bbox_loss": 0.04149799452022719, "bg_count": 118.5, "cls_acc": 0.9697265625, "data_time": 0.007313607959076762, "domain_prompter_contrasitive_loss": 0.0003159733896609396, "eta_seconds": 16.28155138809234, "false_neg_ratio": 0.050031269543464665, "fg_cls_acc": 0.9499687304565353, "fg_count": 9.5, "focal_loss_0": 0.02466712472960353, "focal_loss_1": 0.01929840841330588, "focal_loss_2": 0.0159358992241323, "iteration": 59, "lr": 0.0002, "proto_contrastive_loss": 1.0008838847279549, "prototype_cls_loss": 1.047132357954979, "rg_l1_loss_0": 0.030760784792634444, "rg_l1_loss_1": 0.021141550444143176, "rg_l1_loss_2": 0.01705402623621917, "rg_l1_loss_3": 0.015246925040977485, "rg_l1_loss_4": 0.01442279908186124, "roi_cover_ratio": 0.9230769230769231, "time": 0.814077569404617, "total_loss": 3.2578462162486916}
{"aux_bce_loss_0": 0.19524431228637695, "aux_bce_loss_1": 0.1214401638135314, "aux_bce_loss_2": 0.0905948462896049, "aux_bce_loss_3": 0.07779303658753633, "aux_bce_loss_4": 0.0727070365101099, "aux_dice_loss_0": 0.136347240768373, "aux_dice_loss_1": 0.08739507384598255, "aux_dice_loss_2": 0.0663913693279028, "aux_dice_loss_3": 0.05786252301186323, "aux_dice_loss_4": 0.05749814352020621, "bbox_loss": 0.04075861899465942, "bg_count": 118.875, "cls_acc": 0.9765625, "data_time": 0.007465673610568047, "domain_prompter_contrasitive_loss": 0.0003159733896609396, "eta_seconds": 0.0, "false_neg_ratio": 0.02631578947368421, "fg_cls_acc": 0.9736842105263158, "fg_count": 9.125, "focal_loss_0": 0.021803644252941012, "focal_loss_1": 0.01732062897644937, "focal_loss_2": 0.014525619219057262, "iteration": 79, "lr": 2.0000000000000005e-05, "proto_contrastive_loss": 1.000472366809845, "prototype_cls_loss": 1.044050857424736, "rg_l1_loss_0": 0.03176862228297503, "rg_l1_loss_1": 0.02068826040027567, "rg_l1_loss_2": 0.016363545602232382, "rg_l1_loss_3": 0.015176189788989491, "rg_l1_loss_4": 0.0140432475813669, "roi_cover_ratio": 0.9071428571428571, "time": 0.8141686476301402, "total_loss": 3.2069553679395897}
{"bbox/AP": 7.438162630272252, "bbox/AP-scallop": 12.041700730546378, "bbox/AP-seacucumber": 0.5389599208998769, "bbox/AP-seaurchin": 9.7338272393705, "bbox/AP50": 13.931697223836148, "bbox/AP75": 7.260404081408554, "bbox/APl": 19.665560476104307, "bbox/APm": 7.795434885331538, "bbox/APs": 3.9852026523411443, "iteration": 80}
