{"aux_bce_loss_0": 0.28195617347955704, "aux_bce_loss_1": 0.22316975519061089, "aux_bce_loss_2": 0.2009257972240448, "aux_bce_loss_3": 0.18362854328006506, "aux_bce_loss_4": 0.18003384675830603, "aux_dice_loss_0": 0.16424354910850525, "aux_dice_loss_1": 0.12927148956805468, "aux_dice_loss_2": 0.11876067519187927, "aux_dice_loss_3": 0.1082182228565216, "aux_dice_loss_4": 0.10491996258497238, "bbox_loss": 0.10662013729154145, "bg_count": 117.625, "cls_acc": 0.9248046875, "data_time": 0.004413943272083998, "domain_prompter_contrasitive_loss": 0.0005364645621739328, "eta_seconds": 16.55257238075137, "false_neg_ratio": 0.09780009564801531, "fg_cls_acc": 0.6651637399145705, "fg_count": 10.375, "focal_loss_0": 0.1293080821633339, "focal_loss_1": 0.09564496297389269, "focal_loss_2": 0.09955574851483107, "iteration": 19, "lr": 0.002, "proto_contrastive_loss": 1.6373933851718903, "prototype_cls_loss": 1.7900691330432892, "rg_l1_loss_0": 0.05769437208777812, "rg_l1_loss_1": 0.04232026307477042, "rg_l1_loss_2": 0.03622155918663263, "rg_l1_loss_3": 0.03383021438115247, "rg_l1_loss_4": 0.03225492270872013, "roi_cover_ratio": 0.6221804511278195, "time": 0.8276286190375686, "total_loss": 5.842851402914421}
{"aux_bce_loss_0": 0.19316691160202026, "aux_bce_loss_1": 0.12424500472843647, "aux_bce_loss_2": 0.09505187813192606, "aux_bce_loss_3": 0.08155756164342165, "aux_bce_loss_4": 0.07663345569744706, "aux_dice_loss_0": 0.11311146710067987, "aux_dice_loss_1": 0.07261491334065795, "aux_dice_loss_2": 0.057862378656864166, "aux_dice_loss_3": 0.05155891692265868, "aux_dice_loss_4": 0.050702376291155815, "bbox_loss": 0.04688476428435516, "bg_count": 116.75, "cls_acc": 0.953125, "data_time": 0.005368822254240513, "domain_prompter_contrasitive_loss": 0.0005364645621739328, "eta_seconds": 0.0, "false_neg_ratio": 0.0, "fg_cls_acc": 1.0, "fg_count": 11.25, "focal_loss_0": 0.03935773763805628, "focal_loss_1": 0.02381163206882775, "focal_loss_2": 0.021701655350625515, "iteration": 39, "lr": 2.0000000000000005e-05, "proto_contrastive_loss": 1.6339199542999268, "prototype_cls_loss": 1.7700881510972977, "rg_l1_loss_0": 0.041375780494215086, "rg_l1_loss_1": 0.023588976334251336, "rg_l1_loss_2": 0.018474074791731715, "rg_l1_loss_3": 0.015408446087618809, "rg_l1_loss_4": 0.013949953832375671, "roi_cover_ratio": 0.6583850931677019, "time": 0.837293348973617, "total_loss": 4.565726917512157}
