{"aux_bce_loss_0": 0.26466756500303745, "aux_bce_loss_1": 0.2002460341900587, "aux_bce_loss_2": 0.17274500709027052, "aux_bce_loss_3": 0.16174842976033688, "aux_bce_loss_4": 0.15977982245385647, "aux_dice_loss_0": 0.18911753594875336, "aux_dice_loss_1": 0.1397895971313119, "aux_dice_loss_2": 0.11261964961886406, "aux_dice_loss_3": 0.10160527937114239, "aux_dice_loss_4": 0.09806743450462818, "bbox_loss": 0.12325947581580979, "bg_count": 116.875, "cls_acc": 0.908203125, "data_time": 0.007809346774592996, "eta_seconds": 124.9059681314975, "false_neg_ratio": 0.07314211212516297, "fg_cls_acc": 0.926857887874837, "fg_count": 11.125, "focal_loss_0": 0.08894693944603205, "focal_loss_1": 0.08147758804261684, "focal_loss_2": 0.06842376757413149, "iteration": 19, "lr": 0.00019081000000000002, "rg_l1_loss_0": 0.04769101608881583, "rg_l1_loss_1": 0.03583834919258111, "rg_l1_loss_2": 0.02921627455599839, "rg_l1_loss_3": 0.028094268635012416, "rg_l1_loss_4": 0.02790728481236368, "roi_cover_ratio": 0.7387959866220736, "time": 0.6939220451749861, "total_loss": 2.051164395873368}
{"aux_bce_loss_0": 0.20049236714839935, "aux_bce_loss_1": 0.1418937323614955, "aux_bce_loss_2": 0.1186127495020628, "aux_bce_loss_3": 0.10696699842810631, "aux_bce_loss_4": 0.1039152704179287, "aux_dice_loss_0": 0.13972972705960274, "aux_dice_loss_1": 0.09922023303806782, "aux_dice_loss_2": 0.08056786376982927, "aux_dice_loss_3": 0.07353337854146957, "aux_dice_loss_4": 0.07279711030423641, "bbox_loss": 0.08024685620780136, "bg_count": 114.625, "cls_acc": 0.9658203125, "data_time": 0.009275283897295594, "eta_seconds": 111.37418828904629, "false_neg_ratio": 0.02943485086342229, "fg_cls_acc": 0.9705651491365777, "fg_count": 13.375, "focal_loss_0": 0.03550150245428085, "focal_loss_1": 0.021834940765984356, "focal_loss_2": 0.020855270442552865, "iteration": 39, "lr": 0.00039061, "rg_l1_loss_0": 0.03693596959507607, "rg_l1_loss_1": 0.02463650551264416, "rg_l1_loss_2": 0.020650225141921594, "rg_l1_loss_3": 0.019474810932659813, "rg_l1_loss_4": 0.019226462015584967, "roi_cover_ratio": 0.7717121588089331, "time": 0.7030193316750228, "total_loss": 1.4508870671848162}
{"aux_bce_loss_0": 0.1699232365936041, "aux_bce_loss_1": 0.10800073388963938, "aux_bce_loss_2": 0.0789795620366931, "aux_bce_loss_3": 0.06654157442972064, "aux_bce_loss_4": 0.06328940531238914, "aux_dice_loss_0": 0.12084576208144426, "aux_dice_loss_1": 0.07433974463492632, "aux_dice_loss_2": 0.05508819408714771, "aux_dice_loss_3": 0.048956133890897036, "aux_dice_loss_4": 0.04834458697587252, "bbox_loss": 0.04534744021232291, "bg_count": 115.5, "cls_acc": 0.9716796875, "data_time": 0.008498745504766703, "eta_seconds": 97.27466913871467, "false_neg_ratio": 0.0, "fg_cls_acc": 1.0, "fg_count": 12.5, "focal_loss_0": 0.02215200779028237, "focal_loss_1": 0.013435051427222788, "focal_loss_2": 0.01333166693802923, "iteration": 59, "lr": 0.00059041, "rg_l1_loss_0": 0.02789577628146439, "rg_l1_loss_1": 0.017078180656457588, "rg_l1_loss_2": 0.01381118169646654, "rg_l1_loss_3": 0.012540733609813313, "rg_l1_loss_4": 0.011338354984608176, "roi_cover_ratio": 0.6917663617171006, "time": 0.6946000016760081, "total_loss": 0.9924038630638934}
{"aux_bce_loss_0": 0.14463528618216515, "aux_bce_loss_1": 0.08778064418584108, "aux_bce_loss_2": 0.06056854594498873, "aux_bce_loss_3": 0.049706310499459505, "aux_bce_loss_4": 0.04678356321528554, "aux_dice_loss_0": 0.1057384992018342, "aux_dice_loss_1": 0.06141014164313674, "aux_dice_loss_2": 0.04408250516280532, "aux_dice_loss_3": 0.03739604237489402, "aux_dice_loss_4": 0.038179653231054544, "bbox_loss": 0.03935649889366877, "bg_count": 114.25, "cls_acc": 0.978515625, "data_time": 0.008774420013651252, "eta_seconds": 83.35197896696627, "false_neg_ratio": 0.0, "fg_cls_acc": 1.0, "fg_count": 13.75, "focal_loss_0": 0.015152035164646804, "focal_loss_1": 0.011273346550296992, "focal_loss_2": 0.010709691501688212, "iteration": 79, "lr": 0.0007902100000000001, "rg_l1_loss_0": 0.02527448729092146, "rg_l1_loss_1": 0.014877299047969583, "rg_l1_loss_2": 0.011481307402119724, "rg_l1_loss_3": 0.010786507170087067, "rg_l1_loss_4": 0.009687174947200557, "roi_cover_ratio": 0.6702127659574468, "time": 0.6930593552533537, "total_loss": 0.816443405689723}
{"aux_bce_loss_0": 0.12923085130751133, "aux_bce_loss_1": 0.0732139265164733, "aux_bce_loss_2": 0.05050515942275524, "aux_bce_loss_3": 0.04075438412837684, "aux_bce_loss_4": 0.0386991195846349, "aux_dice_loss_0": 0.0927323754876852, "aux_dice_loss_1": 0.05188467539846897, "aux_dice_loss_2": 0.035761201521381736, "aux_dice_loss_3": 0.029732571681961417, "aux_dice_loss_4": 0.02943441062234342, "bbox_loss": 0.03423505853638527, "bg_count": 117.0, "cls_acc": 0.984375, "data_time": 0.009185809409245849, "eta_seconds": 69.41557035315782, "false_neg_ratio": 0.0, "fg_cls_acc": 1.0, "fg_count": 11.0, "focal_loss_0": 0.014487450593151152, "focal_loss_1": 0.009765830240212381, "focal_loss_2": 0.009609925735276192, "iteration": 99, "lr": 0.00099001, "rg_l1_loss_0": 0.021973954196379653, "rg_l1_loss_1": 0.012844687154622742, "rg_l1_loss_2": 0.010774498665509953, "rg_l1_loss_3": 0.010239697585941945, "rg_l1_loss_4": 0.008994460263733312, "roi_cover_ratio": 0.75, "time": 0.692522362805903, "total_loss": 0.7074534100672328}
{"aux_bce_loss_0": 0.11552072688937187, "aux_bce_loss_1": 0.0640129055827856, "aux_bce_loss_2": 0.0443782526999712, "aux_bce_loss_3": 0.036384044447913766, "aux_bce_loss_4": 0.03429191536270082, "aux_dice_loss_0": 0.0874059721827507, "aux_dice_loss_1": 0.047015625052154064, "aux_dice_loss_2": 0.03200906189158559, "aux_dice_loss_3": 0.026206919457763433, "aux_dice_loss_4": 0.026019438169896603, "bbox_loss": 0.034264030890966135, "bg_count": 114.75, "cls_acc": 0.986328125, "data_time": 0.008580085588619113, "eta_seconds": 55.5548863299191, "false_neg_ratio": 0.0, "fg_cls_acc": 1.0, "fg_count": 13.25, "focal_loss_0": 0.011819653562270105, "focal_loss_1": 0.0077368097845464945, "focal_loss_2": 0.007756177510600537, "iteration": 119, "lr": 0.001, "rg_l1_loss_0": 0.019735436053001938, "rg_l1_loss_1": 0.012456354820763366, "rg_l1_loss_2": 0.010651909633430212, "rg_l1_loss_3": 0.009924162250209078, "rg_l1_loss_4": 0.00865371615619622, "roi_cover_ratio": 0.6823725055432373, "time": 0.6948999776504934, "total_loss": 0.6385904453391076}
{"aux_bce_loss_0": 0.11100068502128124, "aux_bce_loss_1": 0.060807209461927414, "aux_bce_loss_2": 0.04011848522350192, "aux_bce_loss_3": 0.032366749830543995, "aux_bce_loss_4": 0.030925791943445802, "aux_dice_loss_0": 0.08152712602168322, "aux_dice_loss_1": 0.04392890352755785, "aux_dice_loss_2": 0.029066759627312422, "aux_dice_loss_3": 0.023461669916287065, "aux_dice_loss_4": 0.023223100462928414, "bbox_loss": 0.03204143109175173, "bg_count": 115.75, "cls_acc": 0.986328125, "data_time": 0.009992928244173527, "eta_seconds": 41.666164747439325, "false_neg_ratio": 0.0, "fg_cls_acc": 1.0, "fg_count": 12.25, "focal_loss_0": 0.012504587066359818, "focal_loss_1": 0.00799363519763574, "focal_loss_2": 0.007645393256098032, "iteration": 139, "lr": 0.0001, "rg_l1_loss_0": 0.018103028352638655, "rg_l1_loss_1": 0.011370752200546848, "rg_l1_loss_2": 0.009984265670099458, "rg_l1_loss_3": 0.009321293484314333, "rg_l1_loss_4": 0.008192776889273532, "roi_cover_ratio": 0.6695624195624196, "time": 0.6919890709687024, "total_loss": 0.5952777994713877}
{"aux_bce_loss_0": 0.11008584033697844, "aux_bce_loss_1": 0.060514035169035196, "aux_bce_loss_2": 0.03933421173132956, "aux_bce_loss_3": 0.031528419349342585, "aux_bce_loss_4": 0.03020181693136692, "aux_dice_loss_0": 0.08053805772215128, "aux_dice_loss_1": 0.04337274935096502, "aux_dice_loss_2": 0.02890764968469739, "aux_dice_loss_3": 0.023569944314658642, "aux_dice_loss_4": 0.02336683706380427, "bbox_loss": 0.031712009492097404, "bg_count": 114.25, "cls_acc": 0.9873046875, "data_time": 0.00850097625516355, "eta_seconds": 27.766228141263127, "false_neg_ratio": 0.0, "fg_cls_acc": 1.0, "fg_count": 13.75,