{"aux_bce_loss_0": 0.34916192293167114, "aux_bce_loss_1": 0.29063919000327587, "aux_bce_loss_2": 0.24879513308405876, "aux_bce_loss_3": 0.2292055580765009, "aux_bce_loss_4": 0.22176783252507448, "aux_dice_loss_0": 0.21522434055805206, "aux_dice_loss_1": 0.16541613079607487, "aux_dice_loss_2": 0.13886355701833963, "aux_dice_loss_3": 0.1269985605031252, "aux_dice_loss_4": 0.11838740296661854, "bbox_loss": 0.23250145268944655, "bg_count": 107.5, "cls_acc": 0.83203125, "data_time": 0.006137967575341463, "domain_prompter_contrasitive_loss": 0.0019191339379176497, "eta_seconds": 89.18695094063878, "false_neg_ratio": 0.13560606060606062, "fg_cls_acc": 0.8071524064171123, "fg_count": 20.5, "focal_loss_0": 0.2002733489498496, "focal_loss_1": 0.16734988428652287, "focal_loss_2": 0.15826587844640017, "iteration": 19, "lr": 0.00019009999999999999, "proto_contrastive_loss": 2.7845248579978943, "prototype_cls_loss": 2.9928780496120453, "rg_l1_loss_0": 0.062490503620356005, "rg_l1_loss_1": 0.04782347163166566, "rg_l1_loss_2": 0.04192821831238898, "rg_l1_loss_3": 0.03952562526954842, "rg_l1_loss_4": 0.03764485082414912, "roi_cover_ratio": 0.771566265060241, "time": 1.1148368867579848, "total_loss": 8.800789345083345}
{"aux_bce_loss_0": 0.2612732797861099, "aux_bce_loss_1": 0.1862524338066578, "aux_bce_loss_2": 0.14185511227697134, "aux_bce_loss_3": 0.12035069800913334, "aux_bce_loss_4": 0.10724330227822065, "aux_dice_loss_0": 0.163619888946414, "aux_dice_loss_1": 0.11795265879482031, "aux_dice_loss_2": 0.0910878200083971, "aux_dice_loss_3": 0.07833484187722206, "aux_dice_loss_4": 0.07168088480830193, "bbox_loss": 0.11761469083511511, "bg_count": 106.125, "cls_acc": 0.916015625, "data_time": 0.005997465690597892, "domain_prompter_contrasitive_loss": 0.001919131027534604, "eta_seconds": 66.8799083121121, "false_neg_ratio": 0.010417797069994574, "fg_cls_acc": 0.9873608903020668, "fg_count": 21.875, "focal_loss_0": 0.07045092154294252, "focal_loss_1": 0.048431349685415626, "focal_loss_2": 0.04616429936140776, "iteration": 39, "lr": 0.0002, "proto_contrastive_loss": 2.7843483686447144, "prototype_cls_loss": 2.992136985063553, "rg_l1_loss_0": 0.046651116130085914, "rg_l1_loss_1": 0.02886764928753221, "rg_l1_loss_2": 0.02199145110795856, "rg_l1_loss_3": 0.01976563070033061, "rg_l1_loss_4": 0.018324825403425334, "roi_cover_ratio": 0.746218487394958, "time": 1.1134071836713701, "total_loss": 7.568424705650789}
{"aux_bce_loss_0": 0.23373743891716003, "aux_bce_loss_1": 0.15813417918980122, "aux_bce_loss_2": 0.11635962501168251, "aux_bce_loss_3": 0.09401640761643648, "aux_bce_loss_4": 0.08326596766710281, "aux_dice_loss_0": 0.1497118826955557, "aux_dice_loss_1": 0.0993249611929059, "aux_dice_loss_2": 0.07057876605540514, "aux_dice_loss_3": 0.05874736653640866, "aux_dice_loss_4": 0.05357066681608558, "bbox_loss": 0.08962341460473637, "bg_count": 106.375, "cls_acc": 0.939453125, "data_time": 0.005959198344498873, "domain_prompter_contrasitive_loss": 0.001919131027534604, "eta_seconds": 44.41784460097551, "false_neg_ratio": 0.024250440917107582, "fg_cls_acc": 0.9757495590828924, "fg_count": 21.625, "focal_loss_0": 0.04247309826314449, "focal_loss_1": 0.031708462396636605, "focal_loss_2": 0.029192758491262794, "iteration": 59, "lr": 0.0002, "proto_contrastive_loss": 2.784548819065094, "prototype_cls_loss": 2.98987278342247, "rg_l1_loss_0": 0.04197780662600373, "rg_l1_loss_1": 0.022261023813001324, "rg_l1_loss_2": 0.016790759132011522, "rg_l1_loss_3": 0.014475657871035216, "rg_l1_loss_4": 0.013010275130008284, "roi_cover_ratio": 0.775062656641604, "time": 1.1066226470284164, "total_loss": 7.204051990976286}
{"aux_bce_loss_0": 0.20836014300584793, "aux_bce_loss_1": 0.13694088254123926, "aux_bce_loss_2": 0.09654966928064823, "aux_bce_loss_3": 0.07963775284588337, "aux_bce_loss_4": 0.07027166523039341, "aux_dice_loss_0": 0.13800365291535854, "aux_dice_loss_1": 0.08412294182926416, "aux_dice_loss_2": 0.05933642014861107, "aux_dice_loss_3": 0.04841839149594307, "aux_dice_loss_4": 0.04537990456447005, "bbox_loss": 0.07079410685457907, "bg_count": 106.625, "cls_acc": 0.95703125, "data_time": 0.006135097471997142, "domain_prompter_contrasitive_loss": 0.001919131027534604, "eta_seconds": 22.272570030763745, "false_neg_ratio": 0.01435897435897436, "fg_cls_acc": 0.9856410256410257, "fg_count": 21.375, "focal_loss_0": 0.03268549568019807, "focal_loss_1": 0.02699956949800253, "focal_loss_2": 0.024952976498752832, "iteration": 79, "lr": 0.0002, "proto_contrastive_loss": 2.7840157449245453, "prototype_cls_loss": 2.9883509278297424, "rg_l1_loss_0": 0.03504058430076069, "rg_l1_loss_1": 0.0199148018070786, "rg_l1_loss_2": 0.014018797373275096, "rg_l1_loss_3": 0.012132128987281207, "rg_l1_loss_4": 0.010713288226409564, "roi_cover_ratio": 0.7850267379679144, "time": 1.1192343709990382, "total_loss": 6.986245961126231}
{"aux_bce_loss_0": 0.20110596157610416, "aux_bce_loss_1": 0.12840643525123596, "aux_bce_loss_2": 0.08907270058989525, "aux_bce_loss_3": 0.06999811762943864, "aux_bce_loss_4": 0.06256777420639992, "aux_dice_loss_0": 0.13201137445867062, "aux_dice_loss_1": 0.08083678409457207, "aux_dice_loss_2": 0.057015669997781515, "aux_dice_loss_3": 0.04548582714051008, "aux_dice_loss_4": 0.04249854269437492, "bbox_loss": 0.06811411592327363, "bg_count": 106.5, "cls_acc": 0.951171875, "data_time": 0.006084586028009653, "domain_prompter_contrasitive_loss": 0.001919131027534604, "eta_seconds": 0.0, "false_neg_ratio": 0.0, "fg_cls_acc": 1.0, "fg_count": 21.5, "focal_loss_0": 0.02897263108752668, "focal_loss_1": 0.025386907160282135, "focal_loss_2": 0.023031467339023948, "iteration": 99, "lr": 2.0000000000000005e-05, "proto_contrastive_loss": 2.783944696187973, "prototype_cls_loss": 2.9881941974163055, "rg_l1_loss_0": 0.03339999422549092, "rg_l1_loss_1": 0.018995372309109457, "rg_l1_loss_2": 0.013498346027838792, "rg_l1_loss_3": 0.011979684801398365, "rg_l1_loss_4": 0.010183356517120074, "roi_cover_ratio": 0.7740015360983103, "time": 1.121025820961222, "total_loss": 6.920316910878231}
{"aux_bce_loss_0": 0.34916509315371513, "aux_bce_loss_1": 0.29064505733549595, "aux_bce_loss_2": 0.24878617003560066, "aux_bce_loss_3": 0.2292002271860838, "aux_bce_loss_4": 0.2217607032507658, "aux_dice_loss_0": 0.2152286395430565, "aux_dice_loss_1": 0.16540924832224846, "aux_dice_loss_2": 0.13885771855711937, "aux_dice_loss_3": 0.12699422519654036, "aux_dice_loss_4": 0.11838254379108548, "bbox_loss": 0.23248588228993983, "bg_count": 107.5, "cls_acc": 0.83203125, "data_time": 0.006296290084719658, "domain_prompter_contrasitive_loss": 0.0019191339379176497, "eta_seconds": 89.30935576558113, "false_neg_ratio": 0.13560606060606062, "fg_cls_acc": 0.8071524064171123, "fg_count": 20.5, "focal_loss_0": 0.2002748753875494, "focal_loss_1": 0.16726227849721909, "focal_loss_2": 0.15833275206387043, "iteration": 19, "lr": 0.00019009999999999999, "proto_contrastive_loss": 2.7845247983932495, "prototype_cls_loss": 2.9928779006004333, "rg_l1_loss_0": 0.062488759171893345, "rg_l1_loss_1": 0.04781960107797603, "rg_l1_loss_2": 0.04192876255913402, "rg_l1_loss_3": 0.03952282938721567, "rg_l1_loss_4": 0.037643599711833065, "roi_cover_ratio": 0.771566265060241, "time": 1.1163669470697641, "total_loss": 8.800676052510799}
{"aux_bce_loss_0": 0.26131230778992176, "aux_bce_loss_1": 0.1862933672964573, "aux_bce_loss_2": 0.14184878394007683, "aux_bce_loss_3": 0.12034572288393974, "aux_bce_loss_4": 0.10722846817225218, "aux_dice_loss_0": 0.16363989934325218, "aux_dice_loss_1": 0.1179493572562933, "aux_dice_loss_2": 0.09108941350132227, "aux_dice_loss_3": 0.07833581138402224, "aux_dice_loss_4": 0.07167562656104565, "bbox_loss": 0.1176145948937082, "bg_count": 106.125, "cls_acc": 0.916015625, "data_time": 0.006092855939641595, "domain_prompter_contrasitive_loss": 0.001919131027534604, "eta_seconds": 66.97604256682098, "false_neg_ratio": 0.010417797069994574, "fg_cls_acc": 0.9883036935704514, "fg_count": 21.875, "focal_loss_0": 0.0704174404963851,