{"aux_bce_loss_0": 0.38384077325463295, "aux_bce_loss_1": 0.3433048278093338, "aux_bce_loss_2": 0.3140776865184307, "aux_bce_loss_3": 0.30407425947487354, "aux_bce_loss_4": 0.3094730284065008, "aux_dice_loss_0": 0.21754333563148975, "aux_dice_loss_1": 0.18951911106705666, "aux_dice_loss_2": 0.17081891745328903, "aux_dice_loss_3": 0.16352851502597332, "aux_dice_loss_4": 0.15906431525945663, "bbox_loss": 0.22209180296981784, "bg_count": 115.625, "cls_acc": 0.853515625, "data_time": 0.005071972031146288, "domain_prompter_contrasitive_loss": 0.0005364645621739328, "eta_seconds": 66.65311351418495, "false_neg_ratio": 0.18480861244019137, "fg_cls_acc": 0.6904549509366636, "fg_count": 12.375, "focal_loss_0": 0.14302959851920605, "focal_loss_1": 0.12383284326642752, "focal_loss_2": 0.11506643798202276, "iteration": 19, "lr": 0.0019000999999999998, "proto_contrastive_loss": 1.6791013181209564, "prototype_cls_loss": 1.795736700296402, "rg_l1_loss_0": 0.0684752750582342, "rg_l1_loss_1": 0.06201175683010495, "rg_l1_loss_2": 0.055808292278101246, "rg_l1_loss_3": 0.05449636554364778, "rg_l1_loss_4": 0.054460498923634304, "roi_cover_ratio": 0.6246654772524531, "time": 0.8331639189273119, "total_loss": 6.849654648222753}
{"aux_bce_loss_0": 0.28464448265731335, "aux_bce_loss_1": 0.23406209237873554, "aux_bce_loss_2": 0.20214230008423328, "aux_bce_loss_3": 0.17984453961253166, "aux_bce_loss_4": 0.17307203449308872, "aux_dice_loss_0": 0.16460045799613, "aux_dice_loss_1": 0.1331844450905919, "aux_dice_loss_2": 0.11356063187122345, "aux_dice_loss_3": 0.10434250626713037, "aux_dice_loss_4": 0.10134123731404543, "bbox_loss": 0.1308816276758264, "bg_count": 114.375, "cls_acc": 0.9248046875, "data_time": 0.005054906941950321, "domain_prompter_contrasitive_loss": 0.0005364645621739328, "eta_seconds": 50.26343966368586, "false_neg_ratio": 0.1034313725490196, "fg_cls_acc": 0.8965686274509804, "fg_count": 13.625, "focal_loss_0": 0.06530812662094831, "focal_loss_1": 0.04640054516494274, "focal_loss_2": 0.044859197456389666, "iteration": 39, "lr": 0.002, "proto_contrastive_loss": 1.6777984648942947, "prototype_cls_loss": 1.7722207009792328, "rg_l1_loss_0": 0.05527615681181078, "rg_l1_loss_1": 0.04172891267957089, "rg_l1_loss_2": 0.03526142268491189, "rg_l1_loss_3": 0.03394334770646058, "rg_l1_loss_4": 0.03219593877549183, "roi_cover_ratio": 0.64760348583878, "time": 0.8384261189494282, "total_loss": 5.587432248710034}
{"aux_bce_loss_0": 0.23744121566414833, "aux_bce_loss_1": 0.17650944367051125, "aux_bce_loss_2": 0.14398402441293, "aux_bce_loss_3": 0.13040906190872192, "aux_bce_loss_4": 0.12245882675051689, "aux_dice_loss_0": 0.14283554535359144, "aux_dice_loss_1": 0.10104223247617483, "aux_dice_loss_2": 0.08020117785781622, "aux_dice_loss_3": 0.07169866422191262, "aux_dice_loss_4": 0.06872053956612945, "bbox_loss": 0.08944995265960143, "bg_count": 114.625, "cls_acc": 0.9501953125, "data_time": 0.005272652022540569, "domain_prompter_contrasitive_loss": 0.0005364645621739328, "eta_seconds": 33.520523104816675, "false_neg_ratio": 0.062020460358056265, "fg_cls_acc": 0.9379795396419437, "fg_count": 13.375, "focal_loss_0": 0.037893265252932906, "focal_loss_1": 0.02962987287901342, "focal_loss_2": 0.027450763154774904, "iteration": 59, "lr": 0.0002, "proto_contrastive_loss": 1.6761759668588638, "prototype_cls_loss": 1.7410069108009338, "rg_l1_loss_0": 0.047090599493813806, "rg_l1_loss_1": 0.03196053356559481, "rg_l1_loss_2": 0.025306336925996153, "rg_l1_loss_3": 0.023473158444330122, "rg_l1_loss_4": 0.021517803741557387, "roi_cover_ratio": 0.6287630402384501, "time": 0.8400383635889739, "total_loss": 5.03503188787178}
{"aux_bce_loss_0": 0.22579509764909744, "aux_bce_loss_1": 0.1665318999439478, "aux_bce_loss_2": 0.13502363674342632, "aux_bce_loss_3": 0.11710961628705263, "aux_bce_loss_4": 0.11102718487381935, "aux_dice_loss_0": 0.13862948678433895, "aux_dice_loss_1": 0.10018244478851557, "aux_dice_loss_2": 0.07970422971993685, "aux_dice_loss_3": 0.06928157201036811, "aux_dice_loss_4": 0.06588544370606542, "bbox_loss": 0.07487174930572389, "bg_count": 115.0, "cls_acc": 0.9609375, "data_time": 0.005503771593794227, "domain_prompter_contrasitive_loss": 0.0005364645621739328, "eta_seconds": 16.781510142609477, "false_neg_ratio": 0.03890063424947146, "fg_cls_acc": 0.9610993657505285, "fg_count": 13.0, "focal_loss_0": 0.03351424681022763, "focal_loss_1": 0.02818765491247177, "focal_loss_2": 0.026518155355006456, "iteration": 79, "lr": 0.0002, "proto_contrastive_loss": 1.674598440527916, "prototype_cls_loss": 1.735074296593666, "rg_l1_loss_0": 0.04270489570582063, "rg_l1_loss_1": 0.028974942956158115, "rg_l1_loss_2": 0.022595134705287942, "rg_l1_loss_3": 0.019704273192605384, "rg_l1_loss_4": 0.017883582629066523, "roi_cover_ratio": 0.6333487940630798, "time": 0.8469674438238144, "total_loss": 4.922360638408792}
{"aux_bce_loss_0": 0.22077961079776287, "aux_bce_loss_1": 0.15837775822728872, "aux_bce_loss_2": 0.12944492045789957, "aux_bce_loss_3": 0.1169420387595892, "aux_bce_loss_4": 0.10924499109387398, "aux_dice_loss_0": 0.13605808094143867, "aux_dice_loss_1": 0.09359388705343008, "aux_dice_loss_2": 0.07398924697190523, "aux_dice_loss_3": 0.06442308146506548, "aux_dice_loss_4": 0.06197009840980172, "bbox_loss": 0.07184931921694412, "bg_count": 114.375, "cls_acc": 0.953125, "data_time": 0.0054704658687114716, "domain_prompter_contrasitive_loss": 0.0005364645621739328, "eta_seconds": 0.0, "false_neg_ratio": 0.035130970724191066, "fg_cls_acc": 0.9648690292758089, "fg_count": 13.625, "focal_loss_0": 0.03438507975079119, "focal_loss_1": 0.02898706472478807, "focal_loss_2": 0.027043656213209033, "iteration": 99, "lr": 2.0000000000000005e-05, "proto_contrastive_loss": 1.6745255291461945, "prototype_cls_loss": 1.7340781837701797, "rg_l1_loss_0": 0.04252690669964661, "rg_l1_loss_1": 0.02765793372279811, "rg_l1_loss_2": 0.02070472140749778, "rg_l1_loss_3": 0.019317442600090134, "rg_l1_loss_4": 0.017705327720521705, "roi_cover_ratio": 0.6672727272727272, "time": 0.8395428091753274, "total_loss": 4.8690808714380225}
